MEASUREMENT_FREE_TEXT	MAPPED	cnt	Npeople
NEGAT	0	2620371	262008
negat	0	1816479	182457
neg	0	722027	116130
NEG	0	712026	140481
Negat	0	576466	172841
Negat.	0	450122	104992
Neg	0	252341	62294
A RhD pos		134341	56639
Negatiivinen	0	104357	42553
O RhD pos	0	99644	41482
-(neg)	0	92509	28187
NEGAT.	0	90237	8235
Posit.	1	84652	42791
POSIT	1	78054	54647
Posit	1	62101	52498
B RhD pos		52872	22375
posit	1	48904	28573
negat.	0	47845	28279
POS	1	40980	27958
negative	0	35069	2689
Tutkimuksen tulos: NEGAT	0	34650	8589
seulneg	0	26728	8765
SEULPOS	1	25964	11443
NEGATIVE	0	25861	2402
AB RhD pos		25074	10682
negatiivinen	0	24680	18181
A RhD neg		23598	8306
POSIT*	1	20167	15335
pos	1	19285	9978
Pos	1	18024	9506
O RhD neg		17669	6288
NEG Arvio	0	17260	8530
Positiivinen	1	15440	13882
Tutkimuksen tulos: NEG	0	13976	4700
+(pos)	1	10928	4949
Tutkimuksen tulos: Negat.	0	10466	3096
Tutkimuksen tulos: negat	0	10244	4090
B RhD neg		9208	3237
Resultat: NEGAT	0	9058	687
A Rh(D)pos		7683	4868
Tutkimuksen tulos: Negatiivinen	0	7476	3332
Tutkimuksen tulos: neg	0	7127	1573
Negative	0	7018	1069
O Rh(D)pos		6114	3795
Tutkimuksen tulos: Neg	0	5451	3138
POSIT.	1	5309	1564
Provresultat: Negat	0	5068	672
neg.	0	5063	1668
positiivinen	1	4923	4744
A Rh POS		4893	4381
AB RhD neg		4751	1635
Negatiiv	0	4687	1751
posit*	1	4518	1944
Neg.	0	4092	577
Posit.*	1	3922	2932
Resultat: neg	0	3664	1030
O Rh POS		3632	3152
NEGATIIVINEN	0	3203	1442
B Rh(D)pos		2919	1931
Tutkimuksen tulos: Negat	0	2836	1380
NEGAT pmy/ml	0	2589	1920
POSITIVE	1	2560	1501
Provresultat: neg	0	2181	479
Posit*	1	2086	1345
-(negat)	0	1905	1839
POSITIVE*	1	1905	799
B Rh POS		1893	1660
Resultat: Neg.	0	1663	319
POSIT.*	0	1657	359
negat U/ml	0	1547	1399
pos*	1	1478	648
ABRh(D)pos		1417	884
2 vrk neg.		1313	753
Resultat: pos	1	1238	549
Tutkimuksen tulos: NEGATNäytelaatu:Nenänieluerite	0	1151	1005
NEGATNäytteen laatu:nenänielu	0	1098	770
Tutkimuksen tulos: negatiivinen	0	1073	815
Vastaus: neg	0	1064	281
A Rh(D)neg		1061	637
positive	1	1052	539
NEGAT U/ml	0	1042	951
posit pmy/ml	1	1019	625
posit.	1	1019	783
Tehty NEGATIIVINEN	0	961	773
Resultat: NEGAT Lomake	0	957	479
SARS-CoV-2-nukleiinihappo-osoitus negatiivinen.	0	935	688
AB Rh POS		929	823
Tutkimuksen tulos: negatNäytelaatu:Nenänieluerite	0	908	810
NEG E6/L	0	889	726
NEGAT Titteri	0	878	608
Neg E6/L	0	875	714
Provresultat: NEGAT	0	838	369
O Rh(D)neg		791	527
Resultat: NEG Lomake	0	767	565
seulpos	1	759	283
Näytteenottotapa: KeskisuihkuRakkoaika: Alle 4hBakteeri- ja leukosyyttilaskentaan perustuva seulontanegatiivinen, jatkoviljelyä ei tehdä.		723	573
Resultat: neg Lomake	0	721	404
A Rh NEG		698	614
Seul posit	1	687	532
POSIT U/ml	1	687	483
1. LÖYDÖS: (Viljely) NEGATIIVINEN		677	463
Neisseria gonorrhoeae negatiivinenChlamydia trachomatis negatiivinen	0	666	511
Resultat: Neg	0	660	173
Tutkimuksen tulos: NEGATNäytelaatu:NENÄNIELUERITE	0	649	599
Tutkimuksen tulos: POSIT	1	637	552
Tutkimuksen tulos: negat.	0	632	491
POSITIIVINEN	1	616	595
Tutkimuksen tulos: Negatiivinen streptokokkiviljely.	0	588	500
neg Arvio	0	587	332
Vastaus: NEGAT	0	578	88
Tutkimuksen tulos: Lausunto1. LÖYDÖS: (Viljely) NEGATIIVINEN	0	577	173
+(pos eiA)		576	476
Tutkimuksen tulos: Pos	1	557	441
Tutkimuksen tulos: NEG Arvio	0	540	434
Tutkimuksen tulos: NEGAT Titteri	0	538	504
NEG IU/ml	0	516	276
O Rh NEG		506	442
Resultat: NEG	0	499	425
Negat. U/l	0	496	453
Näytteenottotapa: KeskisuihkuBakteeri- ja leukosyyttilaskentaan perustuva seulontanegatiivinen, jatkoviljelyä ei tehdä.		492	428
B Rh(D)neg		485	284
POS/NEG		480	402
Näytteenottotapa: KeskisuihkuRakkoaika: Yli 4hBakteeri- ja leukosyyttilaskentaan perustuva seulontanegatiivinen, jatkoviljelyä ei tehdä.		478	412
Tutkimuksen tulos: Negat. Serokonversio HCV-infektiossa tapahtuu useimmiten vasta 3 - 4 kuukautta sairastumisesta. Vasta-aineiden tutkiminen on näin ollen akuutin C-hepatiitin diagnostiikassa vain rajallisesti sovelias.		477	221
POS Arvio	1	468	325
Tehty 2 VRK:N VILJELY NEGATIIVINEN Mikäli kasvua ilmenee rikastusviljelyssä,  ilmoitamme siitä noin 6 vrk:n kuluessa.		453	296
Provresultat: Negat l	0	436	253
Tutkimuksen tulos: posit	1	431	307
NEGAT Lopullinen vastaus	0	425	291
Tutkimuksen tulos: -(neg)	0	422	203
Tutkimuksen tulos: F -SalmVi Negatiivinen	0	420	209
NEGATNäytteen laatu:Nenänielu	0	400	340
? RhD pos		395	84
Tutkimuksen tulos: Neg.	0	390	102
Provresultat: pos	1	382	227
Näytteenottotapa: KeskisuihkuRakkoaika: 4hBakteeri- ja leukosyyttilaskentaan perustuva seulontanegatiivinen, jatkoviljelyä ei tehdä.		361	328
Tutkimuksen tulos: NEGATNäytelaatu:ERITE, NENÄNIELU-	0	358	336
Tutkimuksen tulos: neg Arvio	0	350	201
Tutkimuksen tulos: POS	1	349	306
Nukleiinihaponosoitukset negatiiviset.	0	347	235
Provresultat: Neg.	0	339	71
pos.	1	330	281
Resultat: POSITIVE	1	323	123
Tehty1. LÖYDÖS: (Viljely) NEGATIIVINEN	0	322	157
negat Titteri	0	316	197
Provresultat: neg Lomake	0	314	118
Resultat: neg.	0	305	233
Tutkimuksen tulos: Negat. titteri	0	304	299
Provresultat: Posit	1	294	193
-neg	0	290	112
-(Neg)	0	289	268
Tehty.NEGAT	0	287	158
POSIT EIU		285	270
Tutkimuksen tulos: Positiivinen	1	281	260
B Rh NEG	0	273	245
Tutkimuksen tulos: Ps-StrVi Negatiivinen	1	268	250
Tutkimuksen tulos: Ei tehty, koska S -ENA negat. U ml	0	264	84
Tutkimuksen tulos: NEGAT AU/ml	0	261	134
Vastaus: NEGAT Lomake	0	255	141
Resultat: negat Lomake	0	255	99
+(pos A)		251	228
Tutkimuksen tulos: Posit.	1	246	213
-/neg	0	245	147
Provresultat: NEG	0	241	159
negat g/l	0	238	232
NEG<25	0	238	183
Vastaus: neg Lomake	0	238	147
Pos*	1	237	161
Tutkimuksen tulos: neg.	0	237	140
Tutkimuksen tulos: SEULPOS	1	236	176
Negatiivinen tulos ei poissulje primaarivaiheen syfilistä	0	229	196
Bakteeri- ja leukosyyttilaskentaan perustuva seulontanegatiivinen, näytettäei viljellä.Virtsanäytetyyppi: PLV:aamu/&gt4hMIKSI NÄYTE ON OTETTU?: kontr.		229	102
EI TEHTYS-HCVAb-O negatiivinen.P-HCVNhJt-tutkimusta ei tehdä.		222	189
Tutkimuksen tulos: Negat. Viitearvot: Negat.	0	219	187
Tutkimuksen tulos: pos	1	219	178
Resultat: Pos.	1	217	146
Vastaus: pos	1	212	106
Tutkimuksen tulos: Negat. Ei kasvua	0	210	188
Resultat: negat	0	200	87
Tutkimuksen tulos: Lausunto1. LÖYDÖS: NEGATIIVINEN	0	196	64
Provresultat: NEGAT Lomake	0	194	106
Tutkimuksen tulos: gluk neg keto neg suht.tiheys 1.020 veri neg ph 5 prot neg nitr neg leuk neg		193	183
negat Indeksi		190	185
NEGAT bakt/ml	0	186	85
ABRh(D)neg		184	127
Resultat: NEGAT Titteri	0	177	114
Vastaus: NEG Lomake	0	176	121
Resultat: pos Lomake	1	174	116
Positive	1	174	136
Provresultat: NEG Lomake	0	174	80
Näytteestä ei ole osoitettavissa Cl. difficile -bakteerin B-toksiinigeeniä.Nukleiinihaponosoitukset negatiiviset.		172	141
Resultat: Negat	0	165	37
Tutkimuksen tulos: F -SalmVi Negatiivinen  F -ShigVi Negatiivinen  F -YersVi Negatiivinen  F -CampVi Negatiivinen		164	161
posit***	1	163	94
Resultat: negativ	0	159	97
Ei tehty, koska seulonta negatiivinen		158	76
POS IU/ml	0	158	66
neg Lopullinen vastaus	0	157	25
POSIT:	1	156	122
NEGAT kopiota/ml	0	153	29
Negat. Arvio	0	152	17
Bakteeri- ja leukosyyttilaskentaan perustuva seulontanegatiivinen, näytettäei viljellä.Virtsanäytetyyppi: PLV:aamu/&gt4hMIKSI NÄYTE ON OTETTU?: kontrolli		150	94
Negat.Tulkinta/viitearvot,Negat.	0	150	25
posit EIU		148	146
AB Rh NEG		146	132
-negatiivinen	0	146	132
- negatiivinen	0	144	122
Tutkimuksen tulos: Negat. U ml	0	144	95
Resultat: positiv	1	138	77
Tutkimuksen tulos: Negat l	0	134	78
Vastaus: Neg.	0	134	21
NEGAT AU/ml	0	133	99
Tutkimuksen tulos: Negat. Titteri	0	132	131
1. LÖYDÖS: (Viljely) 2 VRK NEG   Mikäli kasvua ilmenee rikastusviljelyssä,   ilmoitamme siitä noin 6 vrk:n kuluessa.*****kohta2: veri		130	103
Provresultat: Neg	0	130	35
negativ	0	129	103
negat kopiota/ml	0	128	26
Neisseria gonorrhoeae negatiivinenChlamydia trachomatis negatiivinennäytteenlaatu Limakalvoanatomia Nieluottotapa Pumpulitikku		127	97
Bakteeri- ja leukosyyttilaskentaan perustuva seulontanegatiivinen, näytettäei viljellä.Virtsanäytetyyppi: PLV		125	120
Tutkimuksen tulos: Negatiivinen.	0	123	113
Tehty----- LO***** VASTAUS -----1. LÖYDÖS: (Viljely) NEGATIIVINEN----- LO***** VASTAUS -----	0	121	112
Tutkimuksen tulos: F -Madonmunat Toukat: Negat.Alkuel.kystat: Negat.	0	120	49
Tutkimuksen tulos: Posit	1	119	96
1. LÖYDÖS: (Viljely) 2 VRK NEG   Mikäli kasvua ilmenee rikastusviljelyssä,   ilmoitamme siitä noin 6 vrk:n kuluessa.Ottokohta2: veri		118	88
-negat	0	117	109
Provresultat: negat	0	113	21
Tulos negatiivinen. Ei aktiiviin tai latenttiin tuberkuloosiin viittaavaa.	0	112	54
Tutkimuksen tulos: gluk neg keto neg suht.tiheys 1.025 veri neg ph 5 prot neg nitr neg leuk neg	0	110	104
NEG Lopullinen vastaus SARS-CoV-2-nukleiinihappo-osoitus negatiivinen.	0	110	101
lopull.neg	0	109	99
+(pos)*	1	109	104
pos Arvio	1	107	90
Resultat: POSIT Lomake	1	106	65
- (Neg)	0	106	100
POS*	1	106	65
Bakteeri- ja leukosyyttilaskentaan perustuva seulontanegatiivinen, näytettäei viljellä.Virtsanäytetyyppi: PLV:aamu/&gt4hMIKSI NÄYTE ON OTETTU?: kontr	0	106	34
NEG.	0	106	62
Tehty NEGATIIVINEN NEGATIIVINEN	0	105	58
Tutkimuksen tulos: NEGATPotilas ei ole sairastanut hepatiitti B-virus-infektiota(***** *****)	0	105	101
Tutkimuksen tulos: Negat. indeksi	0	104	103
POSIT kopiota/ml	1	103	22
Negativ	0	103	52
nega	0	101	49
+++(pos)	1	101	98
Tutkimuksen tulos: NEGAT.	0	96	35
Tutkimuksen tulos: positiivinen	1	96	95
Tehty 1. LÖYDÖS: (Viljely) Negatiivinen		90	90
Tutkimuksen tulos: Lopullinen vastaus1. LÖYDÖS: (Viljely) NEGATIIVINEN		90	69
Vastaus: negat Lomake		87	31
U-Stixit kaikki Negat.		87	70
Tutkimuksen tulos: NEGAT bakt/ml		85	54
Tutkimuksen tulos: negat Lomake		84	39
NEGAT EIU		84	69
Tutkimuksen tulos: NEGAT U/ml		82	74
NEGAT Lopullinen vastaus Näytteen laatu5:PUUTTUU		82	79
NEGATNäytteen laatu:NENÄNIELU		82	78
Resultat: negativ Lomake		82	59
Tutkimuksen tulos: neg Lomake		82	40
negatNäytteenoton syy: VTI epäily*****tapa: keskisuihkuRakkoaika: > 4 h		81	72
posit**		81	65
Provresultat: negat Lomake		78	31
Provresultat: neg.		78	62
Resultat: O Rh(D)pos		78	18
ULTRAMAXTUTKIMUS VASTAANOTOLLA  Negatiivinen.		78	68
Tutkimuksen tulos: Ei tehty, koska S-ENA negat. U ml		77	63
negatiivin		77	73
PAKETTI| NEGAT		76	69
POS>25		76	64
Tehty----- LO***** VASTAUS -----1. LÖYDÖS: (Viljely) NEGATIIVINENPyyntötarrat puuttuivat.----- LO***** VASTAUS -----		76	68
<25 (neg)		74	62
Bakteeri- ja leukosyyttilaskentaan perustuva seulontanegatiivinen, näytettäei viljellä.Virtsanäytetyyppi: PLV: alle 4 h		73	66
Y1000.00S-HBsAb positiivinen.Tulos voi liittyä aikaisemmin sairastettuuninfektioon tai potilas on rokotettu.		72	68
negat.-		72	69
<25(neg)		71	56
Provresultat: negativ		71	41
Tutkimuksen tulos: +(pos)		71	45
Tutkimuksen tulos: Ei tehty,koska S-ENA negat. U ml		71	69
Vastaus: NEG		70	62
Tutkimuksen tulos: pos Arvio		70	39
1. LÖYDÖS: (Viljely) Negatiivinen		70	50
U-Prot: negU-Gluk: neg		67	66
Näytteenottotapa: AlusastiaBakteeri- ja leukosyyttilaskentaan perustuva seulontanegatiivinen, jatkoviljelyä ei tehdä.		67	63
Tutkimuksen tulos: NEGATNäytelaatu:NenänielueriteMistä otettu: nn		66	64
Fl-Vi neg		65	61
Heikko pos		64	49
Vastaus: Neg		64	14
A+(pos)		64	63
Bakteeri- ja leukosyyttilaskentaan perustuva seulontanegatiivinen, jatkoviljelyä ei tehdä.		63	58
negat Lomake		63	9
Negat. Vastaus annettu solulaskenta-analysaattorin tuloksen perusteella.		63	63
Tutkimuksen tulos: I:negat II:negat III:negat		62	61
NEGAT.Vastaus perustuu bakteeri-ja leukosyyttilaskentaan.		62	57
U-Prot: negat U-Gluk: negat		61	55
Tutkimuksen tulos: gluk neg keto neg suht.tiheys 1.015 veri neg ph 5 prot neg nitr neg leuk neg		61	58
Tutkimuksen tulos: negatNäytelaatu:NenänielueriteMistä otettu: nn		60	59
Tutkimuksen tulos: leuk 0-1eryt 0-1epit 0-1bakt negat		59	58
Lausunto1. LÖYDÖS: (Viljely) NEGATIIVINEN		59	25
Resultat: O Rh(D)pos lomake		59	24
Värjäys: VÄRJÄYSTULOS NEGATNEGATIIVINEN		59	36
HPV 16 - NegatiivinenHPV 18 - NegatiivinenMuut korkean riskin HPV-tyypit(31,33,35,39,45,51,52,56,58,59,66,68) -NegatiivinenOttokohta: cervixOttokohta:cervix		59	58
Resultat: Negativt		58	13
Resultat: neg -		57	48
Tulos positiivinen, näytteestä osoitettu CMV-DNA:ta.		57	15
Näytteenottotapa: KertakatetriBakteeri- ja leukosyyttilaskentaan perustuva seulontanegatiivinen, jatkoviljelyä ei tehdä.		56	49
Resultat: neg /l		56	46
Resultat: Pos		56	44
O+(pos)		55	55
1:1 posit		55	53
negat AU/ml		54	46
HEIKKO POS		54	38
Tutkimuksen tulos: negat U/ml		52	48
Provresultat: A RhD pos		52	10
Provresultat: neg g/l		52	38
NEGATNäytteen laatu:Tikkunäyte		51	51
2vrk:neg		51	46
Tutkimuksen tulos: NEG Lomake		51	25
Ps-StrViNegatiivinen		50	48
kaikki neg		50	40
Resultat: negat /l		50	38
NEGATNäytelaatu:PUUTTUU Mistä otettu: Nenänielu		50	48
Tehty SIENINATIIVI NEGATIIVINEN EI SIENIKASVUA		49	47
Nukleiinihappo-osoitukset negatiiviset.		49	35
Tutkimuksen tulos: Negat Lomake		48	17
Tutkimuksen tulos: leuk 0-4eryt 0-2epit 0-2bakt negat		48	46
Tutkimuksen tulos: NEGATNäytelaatu:NenänielueriteMistä otettu: nenänielu		48	48
Negatiivinen.		48	45
Vastaus: NEGAT Titteri		47	33
Resultat: O RhD pos Lomake		47	22
Pos.		45	43
posit Titteri		45	40
pos AU/ml		45	45
Tutkimuksen tulos: negatNäytelaatu:NenänielueriteMistä otettu: nenänielu		44	44
Tutkimuksen tulos: posit.		44	43
Tutkimuksen tulos: NEGAT titteri		44	39
Tehty.Näytteen laatu:VirtsaNEGAT		43	36
Tutkimuksen tulos: negatNäytelaatu:NENÄNIELUERITE		43	43
Negat. U/ml		43	25
Resultat: pos.		43	37
Provresultat: POSIT Lomake		43	26
1:2 posit		43	37
Onko penisilliiniallergiaa?  EiNukleiinihaponosoitukset negatiiviset.		42	40
2vrk/neg		42	33
Neisseria gonorrhoeae negatiivinenChlamydia trachomatis negatiivinennäytteenlaatu Eriteanatomia Nieluottotapa Pumpulitikku		42	41
2vrk Negat		42	37
Resultat: posit		41	29
Näytteenottotapa: KestokatetriBakteeri- ja leukosyyttilaskentaan perustuva seulontanegatiivinen, jatkoviljelyä ei tehdä.		41	37
Bakteeri- ja leukosyyttilaskentaan perustuva seulontanegatiivinen, näytettäei viljellä.Virtsanäytetyyppi: PLVMIKSI NÄYTE ON OTETTU?: inf?		41	41
Resultat: A RhD pos Lomake		40	27
Provresultat: Neg Lomake		40	26
Resultat: A Rh(D)pos lomake		40	16
NEGATIV		40	10
Vastaus: pos Lomake		40	27
Tutkimuksen tulos: Negat. AU/ml		40	21
1. LÖYDÖS: NEGATIIVINEN		39	39
Bakteeri- ja leukosyyttilaskentaan perustuva seulontanegatiivinen, näytettäei viljellä.		39	39
heikko pos		39	37
Tutkimuksen tulos: NEGAT EIU		39	38
U-Prot:negatU-Gluk:negat		38	37
NEGAT.Tutkittavalla ei todettu keliakiaan liittyvää riskihaplotyyppiä HLA-DQ2 eikä riskihaplotyyppiä HLA-DQ8. Tutkittavalla ei ole käytännössä riskiä sairastua keliakiaan.		38	38
negat Lopullinen vastaus		38	11
? RhD neg		38	13
NEG kopiota/ml		38	18
Tutkimuksen tulos: NEGATSeulontatutkimuksessa ei todeta ENA-vasta-aineita.Erillisiä osatutkimuksia ei ole tehty.		37	37
Tutkimuksen tulos: tehtyPositiivinen tulos SARS-CoV-2-IgG-määrityksessä.		37	37
Resultat: neg. Lomake		37	25
Tehty1. LÖYDÖS: NEGATIIVINEN		37	18
POSIT Titteri		37	26
TehtyNegatiivinen		37	35
positiv		37	30
Bakteeri- ja leukosyyttilaskentaan perustuva seulontanegatiivinen, näytettäei viljellä.Virtsanäytetyyppi: PLV:aamu/&gt4hMIKSI NÄYTE ON OTETTU?: Munuaissiirtopotilas, kontrolli		36	12
NEGAT.Tutkittavalla ei todettu keliakiaan liittyvääriskihaplotyyppiä HLA-DQ2 eikä riskihaplotyyppiäHLA-DQ8. Tutkittavalla ei ole käytännössä riskiäsairastua keliakiaan.		36	36
Positiivinen.		36	36
NEGAT kopio/ml		36	27
Tutkimuksen tulos: NEGATIIVINEN		36	32
Tutkimuksen tulos: Posit. Viitearvot: Negat.		35	27
- NEGATIIVINEN		35	33
NEGATNäytteen laatu:PUUTTUU		35	34
Positiv		35	34
ENA vasta-aineseulonta (RNP,Sm,SSA,SSB,Jo1,Scl70,Cent) negatiivinenSpesifisiä vasta-aineita ei määritetä.		35	34
Tehty NEGATIIVINEN EI AEROBISTA KASVUA EI ANAEROBIKASVUA		34	33
1:4 posit		34	28
Vastaus: negat		34	17
negt		34	24
Näytteenottotapa: AlkusuihkuBakteeri- ja leukosyyttilaskentaan perustuva seulontanegatiivinen, jatkoviljelyä ei tehdä.		34	33
Bakteeri- ja leukosyyttilaskentaan perustuva seulontanegatiivinen, näytettäei viljellä.Virtsanäytetyyppi: PLVMIKSI NÄYTE ON OTETTU?: kontrolli		33	31
neg.-		33	30
Provresultat: NEGAT Titteri		33	30
A Rh:+pos		33	24
Bakteeri- ja leukosyyttilaskentaan perustuva seulontanegatiivinen, näytettäei viljellä.Virtsanäytetyyppi: PLV:aamu/&gt4h		33	33
NEGATNäytteen laatu:Nenänielunäyte		33	32
Tutkimuksen tulos: NEGATNäytelaatu:NENÄNIELUERITEMistä otettu: nenänielu		33	33
Tutkimuksen tulos: I:Negat II:Negat III:Negat		33	32
Provresultat: O RhD pos		33	16
NEG Lopullinen vastaus		32	21
negat pmy/ml		32	31
Tutkimuksen tulos: -SienNa Negat. -SienVi Ei kasvua		32	31
-NEGATIIVINEN		32	31
Resultat: positiv Lomake		32	29
Provresultat: positiv		32	21
Provresultat: Pos.		32	32
Tutkimuksen tulos: POSITNäytelaatu:Nenänieluerite		32	32
POSIT kopio/ml		32	8
-(NEG)		32	32
Tutkimuksen tulos: gluk neg keto neg suht.tiheys 1.015 veri neg ph 6 prot neg nitr neg leuk neg		31	30
neg AU/l		31	30
-, negat		31	30
Resultat: A Rh(D)neg lomake		31	5
1:8 posit		31	23
NEGATNäytteen laatu:nenänielu-näyte		31	31
Tutkimuksen tulos: tehtyPositiivinen tulos kahdella eri SARS-CoV-2 IgG-määrityksellä.***** *****, sairaalamikrobiologi, dos		30	28
negat IU/ml		30	27
O RhD Pos		30	30
Tutkimuksen tulos: gluk neg keto neg suht.tiheys 1.020 veri 1+ ph 5 prot neg nitr neg leuk neg		30	27
Tutkimuksen tulos: NEGATNäytelaatu:NENÄNIELUERITEMistä otettu: nenänielusta		30	30
B+(pos)		30	29
posit +		30	23
negatNäytteenoton syy: Epäselvän infektion selvittely*****tapa: keskisuihkuRakkoaika: > 4 h		30	29
Resultat: NEGAT /l		29	26
Ottotapa: KS KeskisuihkuRakkoaika: 4Bakteeri- ja leukosyyttilaskentaan perustuva seulontanegatiivinen, jatkoviljelyä ei tehdä.		29	28
Tutkimuksen tulos: negat Indeksi		29	28
Näytteen laatu: VERIJCVNh: negat (kopiota/ml)BKVNh: negat (kopiota/ml)		29	17
Tutkimuksen tulos: Madonmunat Toukat: Negat.Alkuel.kystat: Negat.		29	12
Tutkimuksen tulos: NEGATNäytelaatu:NENÄNIELUERITEMistä otettu: nenä-nielu		29	29
Tutkimuksen tulos: Eosinofiilit: negatNeutrofiilit: negat		29	29
Vastaus: POSITIVE		28	7
Provresultat: pos Lomake		28	21
Vastaus: neg -		28	20
Posit+		28	28
Tutkimuksen tulos: POS/NEG		28	26
HPV 16 - NegatiivinenHPV 18 - NegatiivinenMuut korkean riskin HPV-tyypit(31,33,35,39,45,51,52,56,58,59,66,68) -Negatiivinen		28	28
Negat mIU/ml		28	27
MIKSI NÄYTE ON OTETTU?: kurkkukipuNEGATIIVINEN		28	27
Resultat: Negat. Lomake		28	27
Tutkimuksen tulos: negatiivinen.		28	21
Tutkimuksen tulos: negat. Lomake		28	8
tehty NEGATIIVINEN		28	23
++(pos)		27	26
Näytteen laatu: veriJCVNh: negat (kopiota/ml)BKVNh: negat (kopiota/ml)		27	12
Vastaus: negativ Lomake		27	20
A, Rh(D) Pos		27	27
Bakteeri- ja leukosyyttilaskentaan perustuva seulontanegatiivinen, näytettäei viljellä.Virtsanäytetyyppi: PLVMIKSI NÄYTE ON OTETTU?: vatsakipu		27	26
Näytteenottotapa: KeskisuihkuRakkoaika: 4Bakteeri- ja leukosyyttilaskentaan perustuva seulontanegatiivinen, jatkoviljelyä ei tehdä.		27	27
Resultat: POS Lomake		27	26
SEULONTA::  VÄRJÄYS::  NHO::  AER.PULLO:: NEGATIIVINEN ANAER.PULLO:: NEGATIIVINEN		27	21
Vastaus: neg.		27	25
+(posit)		27	27
PAKETTI| LausuntoHepatiitti A-viruksen kokonaisvasta-aineetpositiiviset, mutta IgM-luokan vasta-aineet negatiiviset.Löydös sopii aikaisemmin sairastettuun A-hepatiittiintai potilas on rokotettu.		27	22
Resultat: Neg Lomake		27	21
Herpes simplex-virus PCR negatiivinen		27	24
Tutkimuksen tulos: negatNäytelaatu:ERITE, NENÄNIELU-		26	26
Tutkimuksen tulos: negatiivinen Lomake		26	9
Tutkimuksen tulos: Negat. U/ml		26	22
heikko posit		26	25
Provresultat: POSITIVE		26	24
MIKSI NÄYTE ON OTETTU?: kipuAntimikrobilääkitys:eiNEGATIIVINEN		26	26
NEG mmol/l		26	26
POSIT* kopiota/ml		26	6
Vastaus: negat /l		25	22
Vastaus: neg /l		25	22
Negatiivinen: &lt0,80 IndeksiRaja-arvo   : 0,80-&lt0,90 IndeksiPositiivinen: &gt=0,90 Indeksi		25	25
Bakteeri- ja leukosyyttilaskentaan perustuva seulontanegatiivinen, näytettä ei viljellä.Näytteenoton syy: kirvely/tihent.tarve		25	23
PAKETTI| TEHTYU-Suhti: 1.020U-pH: 6.0U-Leuk-O: negU-Nitr-O: negU-Alb-O: negU-Gluk-O: negU-Keto-O: negU-Eryt-O: neg		25	25
Resultat: svagt pos		25	20
Näytteenottotapa: KertakatetriRakkoaika: Alle 4hBakteeri- ja leukosyyttilaskentaan perustuva seulontanegatiivinen, jatkoviljelyä ei tehdä.		25	25
Afinn RhD pos		25	7
post		25	7
prot h+, gluk neg		24	13
positiivin		24	23
Resultat: POSIT		24	19
Posvarmton		24	12
-Negatiivinen		23	23
PAKETTI| TEHTYU-Suhti: 1.025U-pH: 6.0U-Leuk-O: negU-Nitr-O: negU-Alb-O: negU-Gluk-O: negU-Keto-O: negU-Eryt-O: neg		23	21
Vastaus: POSIT Lomake		23	15
Tutkimuksen tulos: leuk 0-1eryt 0-2epit 0-1bakt negat		23	21
Tutkimuksen tulos: gluk neg keto neg suht.tiheys 1.020 veri neg ph 6 prot neg nitr neg leuk neg		23	22
Tulos positiivinen, näytteestä osoitettu EBV-DNA:ta.		23	5
Vastaus: negativ		23	15
NEGATNäytteen laatu:Nenänieluerite		23	23
Resultat: Neg. Lomake		22	19
NEGAT pmol/l		22	18
Tutkimuksen tulos: NEGAT Lomake		22	15
A RhD Pos		22	22
negativ.		22	21
Näytteenottotapa: KestokatetriRakkoaika: Alle 4hBakteeri- ja leukosyyttilaskentaan perustuva seulontanegatiivinen, jatkoviljelyä ei tehdä.		22	22
Tutkimuksen tulos: POSIT EIU		22	21
2vrk negat		21	21
Neisseria gonorrhoeae negatiivinenChlamydia trachomatis positiivinen		21	20
Resultat: neg l		21	14
NEGATSpesifiset vasta-ainetutkimukset negatiiviset.Näytteitä säilytetään 3 kk ajan serologian laboratoriossa.Epäsuoraimmunofluoresenssitutkimus tehdään erikseen pyydettäessä.Pyynnöt ***** *****.		21	21
O, Rh(D) Pos		21	21
MIKSI NÄYTE ON OTETTU?: PROTEESILEIKKAUSNEGATIIVINEN		21	21
E-ABORh: O Rh(D) pos P-VRAb-O: Negat		21	19
Sieninatiivi negatiivinen.näytteenlaatu: KYNSIanatomia: KYNSIottotapa: RAAPUT		21	20
Näytteenottotapa: ks. läheteRakkoaika: Alle 4hBakteeri- ja leukosyyttilaskentaan perustuva seulontanegatiivinen, jatkoviljelyä ei tehdä.		21	19
matala pos		21	19
Tutkimuksen tulos: NEG.		21	7
Bakteeri- ja leukosyyttilaskentaan perustuva seulontanegatiivinen, näytettäei viljellä.Virtsanäytetyyppi: KERTAKATETRI		20	20
negatNäytteenoton syy: Rutiininäyte, ei oireita*****tapa: keskisuihkuRakkoaika: > 4 h		20	20
Viljely Seulontatulos positiivinen solulaskennan perusteella. Jatkoviljelyn tulos vastataan myöhemmin tutkimukselle U -BaktSJVi.		20	20
Fl-Vi pos		20	18
Ottotapa: KS KeskisuihkuBakteeri- ja leukosyyttilaskentaan perustuva seulontanegatiivinen, jatkoviljelyä ei tehdä.		20	20
Tutkimuksen tulos: Positiivinen.		20	19
Tutkimuksen tulos: NEG AU/ml		20	20
Tutkimuksen tulos: U -Leuk 0 nk (Viitearvot: 0.0 - 5.0 nk)U -Eryt 0 nk (Viitearvot: 0.0 - 2.0 nk)U -Levyep 0 nkU -Välim.ep 0 nkU -Bakt Negat.Muuta Ei löydöksiä		20	20
MIKSI NÄYTE ON OTETTU?: kurkkukipuAntimikrobilääkitys:eiNEGATIIVINEN		20	20
ULTRAMAXTUTKIMUS VASTAANOTOLLA  positiivinen		20	20
O Rh:+pos		20	18
Bakteeri- ja leukosyyttilaskentaan perustuva seulontanegatiivinen, näytettäei viljellä.Virtsanäytetyyppi: PLV: alle 4 hMIKSI NÄYTE ON OTETTU?: kontrolli		19	19
POSIT.Tutkittavalla todettiin keliakiaan liittyväriskihaplotyyppi DQ8. Käypähoito-suosituksenmukaan keliakia-diagnoosi perustuutransglutaminaasi- (tTG)  jaendomysium-vasta-ainetutkimuksiin ja tarvittaessaohutsuolen koepalaan. Todetun riskihaplotyypinvuoksi keliakiaan sairastumisen mahdollisuustulevaisuudessa ei ole poissuljettu vaikkeitTG-vasta-aineita nyt havaittaisikaan.		19	19
Bakteeri- ja leukosyyttilaskentaan perustuva seulontanegatiivinen, näytettäei viljellä.Virtsanäytetyyppi: PLV:aamu/&gt4hMIKSI NÄYTE ON OTETTU?: Munuaispkl:n kontrolli		19	11
POSIT.Tutkittavalla todettiin keliakiaan liittyväriskihaplotyyppi DQ2.5. Käypähoito-suosituksenmukaan keliakia-diagnoosi perustuutransglutaminaasi- (tTG) jaendomysium-vasta-ainetutkimuksiin ja tarvittaessaohutsuolen koepalaan. Todetun riskihaplotyypinvuoksi keliakiaan sairastumisen mahdollisuustulevaisuudessa ei ole poissuljettu vaikkeitTG-vasta-aineita nyt havaittaisikaan.		19	19
Nega		19	14
Vastaus: NEGAT /l		19	17
Lopull.neg		19	19
Tutkimuksen tulos: gluk neg keto neg suht.tiheys 1.025 veri 1+ ph 5 prot neg nitr neg leuk neg		19	19
Negat. suhde		19	11
pos aU/ml		19	19
Pos (+)		18	16
Nukleiinihaponosoitukset negatiiviset.F -GiarNhO: NEGF -CrypNhO: NEGF -EhisNhO: NEGF -DienNhO: NEG		18	16
Tutkimuksen tulos: POSITIVE		18	15
F -ShigViNegatiivinen		18	17
F -YersViNegatiivinen		18	17
Ottotapa: KS KeskisuihkuRakkoaika: 3Bakteeri- ja leukosyyttilaskentaan perustuva seulontanegatiivinen, jatkoviljelyä ei tehdä.		18	18
Tutkimuksen tulos: Uricult:negatiivinen		18	15
Bakteeri- ja leukosyyttilaskentaan perustuva seulontanegatiivinen, näytettäei viljellä.Virtsanäytetyyppi: PLVMIKSI NÄYTE ON OTETTU?: tulee kystoskopiaan		18	18
Resultat: B RhD pos Lomake		18	14
Tutkimuksen tulos: gluk neg keto neg suht.tiheys 1.005 veri neg ph 7 prot neg nitr neg leuk neg		18	18
Tutkimuksen tulos: Seupos		18	15
tehty 1. NEGATIIVINEN		18	18
Tutkimuksen tulos: POSIT.		18	18
Näytteenottotapa: KeskisuihkuRakkoaika: 2Bakteeri- ja leukosyyttilaskentaan perustuva seulontanegatiivinen, jatkoviljelyä ei tehdä.		17	17
Näytteenottotapa: KertakatetriRakkoaika: Yli 4hBakteeri- ja leukosyyttilaskentaan perustuva seulontanegatiivinen, jatkoviljelyä ei tehdä.		17	15
Tutkimuksen tulos: -SienNa Negat.		17	17
Resultat: 7,9  2 h postpr mmol/l		17	16
POSIT.Tutkittavalla todettiin keliakiaan liittyvä riskihaplotyyppi DQ2.5. Käypähoito-suosituksen mukaan keliakia-diagnoosi perustuu transglutaminaasi- (tTG) ja endomysium-vasta-ainetutkimuksiin ja tarvittaessa ohutsuolen koepalaan. Todetun riskihaplotyypin vuoksi keliakiaan sairastumisen mahdollisuus tulevaisuudessa ei ole poissuljettu vaikkei tTG-vasta-aineita nyt havaittaisikaan.		17	17
Posit +		17	17
Provresultat: negativ Lomake		17	17
Tutkimuksen tulos: gluk neg keto neg suht.tiheys 1.015 veri neg ph 6.5 prot neg nitr neg leuk neg		17	17
+/pos		17	14
NEGATNäytteen laatu:NIELUNÄYTE		17	17
F -CampViNegatiivinen		17	16
PAKETTI| TEHTYU-Suhti: 1.010U-pH: 6.0U-Leuk-O: negU-Nitr-O: negU-Alb-O: negU-Gluk-O: negU-Keto-O: negU-Eryt-O: neg		17	15
Vastaus: A RhD pos Lomake		17	12
S -PDHAb-O: negatS -Sp100Ab: negatS -PMLAb: negatS -gp210Ab: negatS -LKMAb-O: negatS -LC1Ab-O: negatS -SLAAb-O: negat		17	17
Negat. AU/ml		17	10
Provresultat: A Rh(D)pos		16	13
LÖYDÖS: (Värjäys) Värjäystulos negat1. LÖYDÖS: (Viljely) Negatiivinen		16	10
F -BaktVi1-------------------F -SalmViNegatiivinen		16	15
Resultat: neg %		16	15
Ottotapa: KS KeskisuihkuRakkoaika: 2Bakteeri- ja leukosyyttilaskentaan perustuva seulontanegatiivinen, jatkoviljelyä ei tehdä.		16	15
Resultat: A Rh(D)pos		16	14
Bakteeri- ja leukosyyttilaskentaan perustuva seulontanegatiivinen, näytettä ei viljellä.Näytteenoton syy: raskausNäytteen ottotapa: keskivirtsaOnko potilaalla keinorakko?: Ei		16	14
NEGATNäytelaatu:PUUTTUU Mistä otettu: nenänielu		16	16
neg AU/ml		16	16
NEGA		16	7
PositS-HBsAb positiivinen.Tulos voi liittyä aikaisemmin sairastettuuninfektioon tai potilas on rokotettu.		16	16
Bakteeri- ja leukosyyttilaskentaan perustuva seulontanegatiivinen, näytettä ei viljellä.Näytteenoton syy: kirvely/tihent.tarveNäytteen ottotapa: keskivirtsa		15	15
Tutkimuksen tulos: negativ		15	9
TehtyNEGAT		15	15
Tutkimuksen tulos: gluk neg keto neg suht.tiheys 1.020 veri 2+ ph 5 prot neg nitr neg leuk neg		15	15
Tutkimuksen tulos: tehtyRaja-arvoinen tulos SARS-CoV-2-IgG-määrityksessä,positiivinen IgA-määrityksessä. Suos. uusintatutkimusta 2-3viikon kuluttua.***** *****, sairaalamikrobiologi, dos		15	15
PAKETTI| TEHTYU-Suhti: 1.015U-pH: 6.5U-Leuk-O: negU-Nitr-O: negU-Alb-O: negU-Gluk-O: negU-Keto-O: negU-Eryt-O: neg		15	15
-Neg		15	15
Stixit negat.		15	15
Tutkimuksen tulos: tehtyPositiivinen tulos kahdella eri SARS-CoV-2-IgG-määrityksellä.Myös IgA-tulos positiivinen.***** *****, sairaalamikrobiologi, dos		15	15
NEGAT LAUSUNTO		15	15
+(Pos)		15	15
Provresultat: O Rh(D)pos		15	10
Tutkimuksen tulos: gluk neg keto neg suht.tiheys 1.010 veri neg ph 7 prot neg nitr neg leuk neg		15	15
Provresultat: O RhD pos Lomake		15	13
Heikko Posit		15	15
Provresultat: POSIT		15	12
A neg. B neg		14	14
Pos (++)		14	11
pos/neg		14	13
Bakteeri- ja leukosyyttilaskentaan perustuva seulontanegatiivinen, näytettä ei viljellä.Näytteenoton syy: kirvely/tihent.tarveNäytteen ottotapa: keskivirtsaOnko potilaalla keinorakko?: Ei		14	14
Resultat: Negat /l		14	12
NEGAT Lausunto		14	8
POS.		14	14
Tutkimuksen tulos: NEGATNäytelaatu:ERITE, NENÄNIELU-Mistä otettu: nenänielu		14	14
Alust. Neg.		14	14
Onko penisilliiniallergiaa?  eiNukleiinihaponosoitukset negatiiviset.		14	14
Neg (-)		14	14
MIKSI NÄYTE ON OTETTU?: proteesileikkausNEGATIIVINEN		14	14
Tutkimuksen tulos: Negatiivinen streptokokkiviljely		14	14
Lopullinen vastaus 1. LÖYDÖS: (Viljely) NEGATIIVINEN		14	11
Bakteeri- ja leukosyyttilaskentaan perustuva seulontanegatiivinen, näytettä ei viljellä.Näytteenoton syy: raskaus		14	13
Resultat: POSIT Titteri		14	10
Resultat: Svagt Pos.		13	12
ULTRAMAXTUTKIMUS VASTAANOTOLLA  Positiivinen.		13	13
Tutkimuksen tulos: Raja-arvo Viitearvot: Negat.		13	10
Tutkimuksen tulos: POSITIIVINEN		13	13
negatNäytteenoton syy: VTI epäily*****tapa: keskisuihkuRakkoaika: < 4 h		13	12
F -hHb-O Negat.		13	9
Bakteeri- ja leukosyyttilaskentaan perustuva seulontanegatiivinen, näytettäei viljellä.Virtsanäytetyyppi: PLVMIKSI NÄYTE ON OTETTU?: vti?		13	13
Vastaus: Negat /l		13	12
POSIT gekv/ml		13	10
Tutkimuksen tulos: tehtyNegatiivinen tulos SARS-CoV-2-IgG-määrityksessä.***** *****, sairaalamikrobiologi, dos		13	13
POS AU/ml		13	11
Näytteenottotapa: AlusastiaRakkoaika: Alle 4hBakteeri- ja leukosyyttilaskentaan perustuva seulontanegatiivinen, jatkoviljelyä ei tehdä.		13	13
Provresultat: neg -		13	11
Tutkimuksen tulos: Heikko posit.		13	12
negatMistä otettu: Nenänielu		13	13
PAKETTI| TEHTYU-Suhti: 1.010U-pH: 6.5U-Leuk-O: negU-Nitr-O: negU-Alb-O: negU-Gluk-O: negU-Keto-O: negU-Eryt-O: neg		13	12
Bakteeri- ja leukosyyttilaskentaan perustuva seulontanegatiivinen, näytettäei viljellä.Virtsanäytetyyppi: PLVMIKSI NÄYTE ON OTETTU?: infektio?		13	13
Bakteeri- ja leukosyyttilaskentaan perustuva seulontanegatiivinen, näytettäei viljellä.Virtsanäytetyyppi: PLVMIKSI NÄYTE ON OTETTU?: inf?Antimikrobilääkitys:ei		13	13
B RhD Pos		12	12
tehty 1. LÖYDÖS: NEGATIIVINEN		12	12
--------------------------------------------------Lisätiedot:Aikaisemmat tubilöydökset?    : ETB-lääkitys (K/E)             : Eipuhnro,johon posit tulos ilm. : #####-----------------------------------------		12	7
MIKSI NÄYTE ON OTETTU?: kurkkukipuAntimikrobilääkitys:-Huomautukset.: -NEGATIIVINEN		12	12
PAKETTI| TEHTYU-Suhti: 1.015U-pH: 6.0U-Leuk-O: negU-Nitr-O: negU-Alb-O: negU-Gluk-O: negU-Keto-O: negU-Eryt-O: neg		12	12
Nukleiinihappo-osoitukset negatiiviset.Tulos sisältää osatutkimustuloksen Li-CMVNhO (negatiivinen).		12	12
NEGAT titteri		12	10
Tutkimuksen tulos: tehtyPositiivinen tulos SARS-CoV-2-IgG- ja IgA-määrityksessä.***** *****, el		12	12
Tutkimuksen tulos: Negativ		12	8
Resultat: Negat.		12	5
Vastaus: Pos.		12	8
Bakteeri- ja leukosyyttilaskentaan perustuva seulontanegatiivinen, näytettä ei viljellä.Näytteenoton syy: raskausNäytteen ottotapa: keskivirtsa		12	12
Tehty. Negatiivinen		12	9
Tutkimuksen tulos: +(posit.)		12	10
negatNäytteenoton syy: Ei tietoa*****tapa: keskisuihkuRakkoaika: > 4 h		12	12
PAKETTI| NEGATSeulontatutkimuksessa ei todeta ENA-vasta-aineita. Erillisiä osatutkimuksia ei ole tehty.		12	12
negat EIU		12	11
Y1000.00*S-HBsAb positiivinen.Tulos voi liittyä aikaisemmin sairastettuuninfektioon tai potilas on rokotettu.		12	9
Resultat: NEGAT U/ml		12	12
1. LÖYDÖS: (Viljely) 2 VRK NEG   Mikäli kasvua ilmenee rikastusviljelyssä,   ilmoitamme siitä noin 6 vrk:n kuluessa.Ottokohta2: vv		12	10
NEGAT /L		12	12
MIKSI NÄYTE ON OTETTU?: kurkkukipuAntimikrobilääkitys:-NEGATIIVINEN		12	12
heikko posit.		12	12
Neisseria gonorrhoeae negatiivinenChlamydia trachomatis negatiivinennäytteenlaatu Eriteanatomia Cervixottotapa Pumpulitikku		12	12
Tutkimuksen tulos: gluk neg keto neg suht.tiheys 1.025 veri 2+ ph 5 prot neg nitr neg leuk neg		12	11
Tutkimuksen tulos: POSIT U/ml		12	12
MIKSI NÄYTE ON OTETTU?: Kantajuuden selvitysNEGATIIVINEN		12	9
PAKETTI| TEHTYU-Suhti: 1.020U-pH: 5.5U-Leuk-O: negU-Nitr-O: negU-Alb-O: negU-Gluk-O: negU-Keto-O: negU-Eryt-O: neg		12	12
Tutkimuksen tulos: NEGATNäytelaatu:NenänielueriteMistä otettu: Nenä-nielu		12	12
Provresultat: A Rh(D)pos lomake		12	9
Negat. Serokonversio HCV-infektiossa tapahtuu useimmiten vasta 3 - 4 kuukautta tartunnasta. Vasta-aineiden tutkiminen on näin ollen akuutin C-hepatiitin diagnostiikassa vain rajallisesti sovelias.		11	11
PAKETTI| TEHTYU-Suhti: 1.020U-pH: 6.5U-Leuk-O: negU-Nitr-O: negU-Alb-O: negU-Gluk-O: negU-Keto-O: negU-Eryt-O: neg		11	11
F -SalmViNegatiivinen		11	10
Resultat: svagt pos Lomake		11	9
Bakteeri- ja leukosyyttilaskentaan perustuva seulontanegatiivinen, näytettä ei viljellä.Näytteenoton syy: muu		11	11
B Rh:+pos		11	10
Tutkimuksen tulos: tehtyNegatiivinen tulos SARS-CoV-2-IgG-määrityksessä. I-näytteenIgG-reaktiivisuus sopii epäspesifiksi testireaktioksi, sekämolempien näytteiden IgA-reaktiot sopivat parhaitenepäspesifiksi testireaktioksi.***** *****, sairaalamikrobiologi, dos		11	11
Neisseria gonorrhoeae negatiivinenChlamydia trachomatis negatiivinennäytteenlaatu Limakalvoanatomia Nieluottotapa Dacrontikku		11	11
Näytteen laatu: BRONKOALVEOLAARIHUUHMISTÄ NÄYTE ON OTETTU ?: Oik bronkusVärjäys: VÄRJÄYSTULOS NEGATNEGATIIVINEN		11	11
neg / ei kasvua		11	11
Tutkimuksen tulos: Heikko positiivinen		11	11
kaikki stixit negatiiviset		11	9
Resultat: 7,8  2 h postpr mmol/l		11	9
prot. h+ gluk. negat.		11	8
Resultat: Neg. EIU		11	10
NEGATNäytelaatu:PUUTTUU Mistä otettu: NENÄNIELU		11	11
Provresultat: POS		11	9
pikaA: negat.		11	11
posit ++		11	9
Neg-		11	9
Resultat: negativ %		11	11
Provresultat: NEG S/CO		11	10
POSIT.Tutkittavalla todettiin keliakiaan liittyvä riskihaplotyyppi DQ8. Käypähoito-suosituksen mukaan keliakia-diagnoosi perustuu transglutaminaasi- (tTG)  ja endomysium-vasta-ainetutkimuksiin ja tarvittaessa ohutsuolen koepalaan. Todetun riskihaplotyypin vuoksi keliakiaan sairastumisen mahdollisuus tulevaisuudessa ei ole poissuljettu vaikkei tTG-vasta-aineita nyt havaittaisikaan.		11	11
E -ABORh: O Rh(D)pos P -VRAb-O: Negat		11	11
Posit++		11	10
Tutkimuksen tulos: gluk neg keto neg suht.tiheys 1.010 veri neg ph 5 prot neg nitr neg leuk neg		11	11
NEG Lopullinen vastaus Bakteeri- ja leukosyyttilaskentaan perustuva seulonta negatiivinen, jatkoviljelyä ei tehdä. ottotapa Keskisuihku		11	11
Resultat: B Rh(D)pos		11	6
Tutkimuksen tulos: gluk neg keto neg suht.tiheys 1.015 veri neg ph 7 prot neg nitr neg leuk neg		11	11
Bakteeri- ja leukosyyttilaskentaan perustuva seulontanegatiivinen, näytettäei viljellä.Virtsanäytetyyppi: PLVMIKSI NÄYTE ON OTETTU?: kuume		10	10
AB+(pos)		10	10
E-ABORh: B Rh(D) pos P-VRAb-O: Negat		10	10
Provresultat: O Rh(D)pos lomake		10	6
posit.+		10	10
Näytteenottotapa: ks. läheteRakkoaika: 4hBakteeri- ja leukosyyttilaskentaan perustuva seulontanegatiivinen, jatkoviljelyä ei tehdä.		10	10
Tutkimuksen tulos: pos.		10	9
posit+		10	9
Tutkimuksen tulos: Posit mIU/ml		10	10
Tutkimuksen tulos: F -CldiVi Negatiivinen F -CldiTox Negat.		10	10
POSIT +		10	10
PAKETTI| TEHTYU-Suhti: 1.025U-pH: 5.5U-Leuk-O: negU-Nitr-O: negU-Alb-O: negU-Gluk-O: negU-Keto-O: negU-Eryt-O: neg		10	10
Tutkimuksen tulos: leuk 0-1eryt 1-2epit 0-1bakt negat		10	10
kaikki negat.		10	10
B, Rh(D) Pos		10	10
PAKETTI| TEHTYU-Suhti: 1.013U-pH: 6.5U-Leuk-O: negU-Nitr-O: negU-Alb-O: negU-Gluk-O: negU-Keto-O: negU-Eryt-O: neg		10	10
Tutkimuksen tulos: Lausunto1. NEGATIIVINEN		10	8
Provresultat: Pos		10	8
Resultat: NEGAT EIU		10	10
Resultat: 6,8  2 h postpr mmol/l		10	10
Posit mIU/ml		10	9
Resultat: B Rh(D)pos lomake		10	8
Tutkimuksen tulos: -SienNa Negat		10	10
E-ABORh: A Rh(D) pos P-VRAb-O: Negat		10	10
>25(pos)		10	8
Provresultat: neg l		10	10
Tutkimuksen tulos: gluk neg prot neg		10	10
Resultat: POS		10	9
Negat. Titteri		10	6
Tehty1. LÖYDÖS: (Viljely) NEGATIIVINENNäytteestä tehdään yersinia-rikastusviljely,jonka mahdollinen löydös vastataan lisävastauksenan. 10 vrk kuluttua.		10	10
Resultat: 6,7  2 h postpr mmol/l		10	10
Tutkimuksen tulos: negatNäytelaatu:NenänielueriteMistä otettu: Nenä-nielu		10	10
Lopullinen vastaus 1. LÖYDÖS: (Viljely) Negatiivinen		10	10
neg, epit+		10	10
A pos neg		10	9
PAKETTI| TEHTYU-Suhti: 1.010U-pH: 7.0U-Leuk-O: negU-Nitr-O: negU-Alb-O: negU-Gluk-O: negU-Keto-O: negU-Eryt-O: neg		10	10
- neg		10	5
- (Neg.)		10	10
Tutkimuksen tulos: tehtyPositiivinen tulos kahdella eri SARS-CoV-2-IgG-määrityksellä.Myös IgA-tutkimus positiivinen.***** *****, sairaalamikrobiologi, dos		10	10
NEGAT g/l		9	9
Ottokohta: uloste/rectumMikä muu bakteeri?: ESBL Klebsiella PNNegatiivinen		9	8
NEG AU/l		9	9
PAKETTI| TEHTYU-Suhti: 1.014U-pH: 6.0U-Leuk-O: negU-Nitr-O: negU-Alb-O: negU-Gluk-O: negU-Keto-O: negU-Eryt-O: neg		9	9
neg*		9	8
Bakteeri- ja leukosyyttilaskentaan perustuva seulontanegatiivinen, näytettäei viljellä.Virtsanäytetyyppi: PLV: alle 4 hMIKSI NÄYTE ON OTETTU?: vatsakipu		9	9
Resultat: 9,9  1 h postpr mmol/l		9	9
Negat. titteri		9	9
Resultat: 8,4  2 h postpr mmol/l		9	9
Niukka näyte, negatiivinen tulos epäluotettava.Värjäys: VÄRJÄYSTULOS NEGATNEGATIIVINEN		9	8
Näytteenottotapa: KertakatetriRakkoaika: 4hBakteeri- ja leukosyyttilaskentaan perustuva seulontanegatiivinen, jatkoviljelyä ei tehdä.		9	9
1. LÖYDÖS: NEGATIIVINENF -BaktVIP -tutkimuksen ulostenäyte tulee ottaa yhteeneNAT-putkeen ja yhteen geelikuljetusputkeen.		9	9
Heikko positiivinen		9	8
Vastaus: Pos		9	7
PAKETTI| Tehty----- LO***** VASTAUS -----1. LÖYDÖS: (Viljely) NEGATIIVINEN----- LO***** VASTAUS -----		9	8
Tutkimuksen tulos: tehty*****tapa: KeskisuihkuvirtsaRakkoaika: >4 hU-pH: 6.0Ominaispaino: 1.020U-Gluk-O: negatU-Keto-O: negatU-Prot-O: negatU-Hb-O: negatU-Leuk-O: negatU-Nitr-O: negat		9	9
-Negat		9	9
NEGAT.Vastaus perustuu bakteeri- ja leukosyyttilaskentaan.		9	8
Provresultat: B RhD pos		9	7
Provresultat: negat /l		9	8
Resultat: 9,8  1 h postpr mmol/l		9	9
Provresultat: NEGAT l		9	9
posit. IU/ml		9	6
posit IU/ml		9	8
Provresultat: positiv Lomake		9	7
A Rh pos		9	8
Virtsanäytetyyppi: PLV:aamu/&gt4hMIKSI NÄYTE ON OTETTU?: raskausNEGATIIVINEN		9	7
Resultat: posit Lomake		9	8
Vastaus: O RhD pos Lomake		9	8
Näytteenottotapa: AlkusuihkuRakkoaika: Alle 4hBakteeri- ja leukosyyttilaskentaan perustuva seulontanegatiivinen, jatkoviljelyä ei tehdä.		9	9
Tutkimuksen tulos: NEG IU/ml		9	5
Tutkimuksen tulos: -CandVi Negatiivinen  -AurVi Negatiivinen Ulosteelle tyypillistä sauvavaltaista suolistomikrobistoa.  F -CldiVi Negatiivinen		9	9
+posit		9	9
Raja-arvot:Negatiivinen &lt50Raja-arvoinen 50-120Positiivinen &gt120		9	9
Näytteen laatu: PLEURANESTEMISTÄ NÄYTE ON OTETTU ?: pleuranesteVärjäys: VÄRJÄYSTULOS NEGATNEGATIIVINEN		9	8
Tutkimuksen tulos: negatNäytelaatu:NenänielueriteMistä otettu: neni		9	9
PAKETTI| TEHTYU-Suhti: 1.016U-pH: 5.0U-Leuk-O: negU-Nitr-O: negU-Alb-O: negU-Gluk-O: negU-Keto-O: negU-Eryt-O: neg		9	9
Resultat: 6,3  2 h postpr mmol/l		8	8
Resultat: Posit		8	8
Neisseria gonorrhoeae negatiivinenChlamydia trachomatis negatiivinennäytteenlaatu Limakalvoanatomia Rektumottotapa Pumpulitikku		8	6
U -Leuk 0 /nk 0.0-5.0-------------------U -Eryt 0 /nk 0.0-2.0-------------------U -Levyep 0 /nk-------------------U -Välim.ep 0 /nk-------------------U -Bakt Negat.-------------------Muuta Ei löydöksiä		8	8
POSIT.Tutkittavalla todettiin keliakialle altistavaalleeli DQX.5, muttei keliakianriskihaplotyyppejä DQ2 tai DQ8.Käypähoito-suosituksen mukaan keliakia-diagnoosiperustuu transglutaminaasi- (tTG) jaendomysium-vasta-ainetutkimuksiin ja tarvittaessaohutsuolen koepalaan. Todetun alleelin vuoksikeliakiaan sairastumisen mahdollisuustulevaisuudessa ei ole täysin poissuljettuvaikkei tTG-vasta-aineita nyt havaittaisikaan.		8	8
Negativ.		8	7
Tutkimuksen tulos: U-kem-seula: ph 5.5, prot neg, gluk neg, keto neg, leuk neg, eryt neg, nitr neg		8	8
Tutkimuksen tulos: Eosinofiilit: negatNeutrofiilit: +		8	8
Tutkimuksen tulos: Ominaispaino: 1.015U-pH-O: 7U-Gluk-O: negU-Keto-O: negU-Eryt-O: negU-Alb-O: negU-Nitr-O: negU-Leuk-O: neg		8	8
>25 (pos)		8	7
Tutkittava on negatiivinen HLA-DQB1*02 jaDQB1*03:02 alleelien suhteen.Genotyyppi on erittäin harvinainen keliakia-potilailla ja sulkee diagnoosin lähes kokonaan(yli 99%) pois.		8	8
POSIT.Tutkittavalla todettiin keliakialle altistava alleeli DQX.5, muttei keliakian riskihaplotyyppejä DQ2 tai DQ8. Käypähoito-suosituksen mukaan keliakia-diagnoosi perustuu transglutaminaasi- (tTG) ja endomysium-vasta-ainetutkimuksiin ja tarvittaessa ohutsuolen koepalaan. Todetun alleelin vuoksi keliakiaan sairastumisen mahdollisuus tulevaisuudessa ei ole täysin poissuljettu vaikkei tTG-vasta-aineita nyt havaittaisikaan.		8	8
posit +++		8	7
Neg Lopullinen vastaus		8	8
RSVNhO: negat		8	7
AB RhD Pos		8	8
Resultat: negativt Lomake		8	7
Resultat: AB RhD pos Lomake		8	5
Näytteenottotapa: ks. läheteRakkoaika: Yli 4hBakteeri- ja leukosyyttilaskentaan perustuva seulontanegatiivinen, jatkoviljelyä ei tehdä.		8	7
Tutkimuksen tulos: S -EMAbA Negat. titteri (Viitearvot: 0.0 - 9.9 titteri)S -EMAbG Negat. titteri (Viitearvot: 0.0 - 9.9 titteri)		8	8
Negat. IU/ml		8	8
Tutkimuksen tulos: F -SalmVi Negatiivinen  F -ShigVi Negatiivinen  F -YersVi Negatiivinen  F -CampVi Campylobacter jejuni		8	7
Tutkimuksen tulos: leuk 0-1eryt 0-2epit 0-2bakt negat		8	8
PAKETTI| TEHTYU-Suhti: <1.005U-pH: 6.0U-Leuk-O: negU-Nitr-O: negU-Alb-O: negU-Gluk-O: negU-Keto-O: negU-Eryt-O: neg		8	7
NEgat		8	8
Tutkimuksen tulos: POSITTuhkarokkovasta-aineita on osoitettavissa sopienimmuniteettiin.(***** *****)		8	8
Tutkimuksen tulos: U-kem-seula: ph 7.0, prot neg, gluk neg, keto neg, leuk neg, veri neg, nitr neg		8	8
Bakteeri- ja leukosyyttilaskentaan perustuva seulontanegatiivinen, näytettäei viljellä.Virtsanäytetyyppi: PLVMIKSI NÄYTE ON OTETTU?: alavatsakipu		8	8
Tutkimuksen tulos: +(posit)		8	7
-(neg) Lopullinen vastaus		8	6
nit pos		8	8
Resultat: 6,9  2 h postpr mmol/l		8	8
Alle 2.9 Negatiivinen: <2.9 IU/ml Raja-arvo: 2.9 - 3.3 IU/ml Positiivinen: >3.3 IU/ml		8	7
positiiv		8	8
NEGATNäytteen laatu:nenä-nielu		8	8
NEGAT Lopullinen vastaus Näytteen laatu:PUUTTUU		8	8
neg/pos		8	7
Lausunto 1. LÖYDÖS: (Viljely) NEGATIIVINEN		8	7
Tutkimuksen tulos: NEGATIIVINEN.		8	8
Tutkimuksen tulos: tehty*****tapa: KeskisuihkuvirtsaRakkoaika: >4 hU-pH: 5.0Ominaispaino: 1.016U-Gluk-O: negatU-Keto-O: negatU-Prot-O: negatU-Hb-O: negatU-Leuk-O: negatU-Nitr-O: negat		8	8
Resultat: Negativ Lomake		8	8
- Neg		8	8
Bakteeri- ja leukosyyttilaskentaan perustuva seulontanegatiivinen, näytettäei viljellä.Virtsanäytetyyppi: KERTAKATETRIMIKSI NÄYTE ON OTETTU?: infektio?		8	8
POSIT aU/ml		8	8
Tutkimuksen tulos: tehtyPositiivinen tulos kahdella eri SARS-CoV-2-IgG-määrityksellä.***** *****, sairaalamikrobiologi, dos		8	8
Ottotapa: AA AlusastiaBakteeri- ja leukosyyttilaskentaan perustuva seulontanegatiivinen, jatkoviljelyä ei tehdä.		8	8
A neg		8	8
1. LÖYDÖS: (Viljely) 2 VRK NEG   Mikäli kasvua ilmenee rikastusviljelyssä,   ilmoitamme siitä noin 6 vrk:n kuluessa.*****kohta2: vv		8	6
Provresultat: pos.		8	8
Vastaus: positiv		8	8
Resultat: 8,6  1 h postpr mmol/l		8	8
F -BaktVi1-------------------F -SalmViNegatiivinen-------------------F -ShigViNegatiivinen-------------------F -YersViNegatiivinen-------------------F -CampViNegatiivinen		8	6
+pos		8	8
negatiiv		8	7
posit++		8	5
AB Rh:+pos		8	7
Pos (+++)		8	6
Tehty.KYSTAT, MADOT, MM JA TOUKAT:NEGATIIVINEN Inga *****  (NEGAT)***** *****, maskar, äggen eller larver.		8	7
negatNäytteenoton syy: VTI kontrollinäyte, ei oireita*****tapa: keskisuihkuRakkoaika: > 4 h		8	8
Resultat: 9,2  1 h postpr mmol/l		8	8
A pos		8	8
Provresultat: A RhD pos Lomake		8	7
Näytteenottotapa: KeskisuihkuRakkoaika: 3Bakteeri- ja leukosyyttilaskentaan perustuva seulontanegatiivinen, jatkoviljelyä ei tehdä.		8	8
Tutkimuksen tulos: gluk neg keto neg suht.tiheys 1.010 veri neg ph 6.5 prot neg nitr neg leuk neg		8	8
Resultat: 6,6  2 h postpr mmol/l		8	8
Tehty1. LÖYDÖS: (Viljely) NEGATIIVINENNäytteen laatu:Uloste		7	7
Resultat: 9,1   1 h postpr mmol/l		7	7
1. LÖYDÖS: (Viljely) NEGATIIVINENVirtsanäytteen rakkoaika on alle 4 tuntia.		7	6
Sieninatiivi negatiivinen.näytteenlaatu: KYNSIanatomia: VARVASottotapa: RAAPUT		7	7
Tutkimuksen tulos: I:posit II:posit III:posit		7	7
PAKETTI| TEHTYU-Suhti: 1.019U-pH: 5.0U-Leuk-O: negU-Nitr-O: negU-Alb-O: negU-Gluk-O: negU-Keto-O: negU-Eryt-O: neg		7	7
PAKETTI| TEHTYU-Suhti: 1.016U-pH: 5.5U-Leuk-O: negU-Nitr-O: negU-Alb-O: negU-Gluk-O: negU-Keto-O: negU-Eryt-O: neg		7	7
A posit		7	7
Resultat: 8,4  1 h postpr mmol/l		7	7
POS Lausunto		7	6
NEg		7	6
- negat		7	7
BK-virus matala positiivinen, &lt500 DNA-kopiota/ml.Näytteen laatu: VERI		7	5
Tutkimuksen tulos: Neg Lomake		7	7
Tutkimuksen tulos: leuk 0-2eryt 0-1epit 0-1bakt negat		7	7
Tutkimuksen tulos: Ominaispaino: 1.020U-pH-O: 5.5U-Gluk-O: negU-Keto-O: negU-Eryt-O: negU-Alb-O: negU-Nitr-O: negU-Leuk-O: neg		7	7
posit.*		7	6
+ (Pos)		7	7
prot 1+, gluk neg		7	6
Tutkimuksen tulos: gluk neg keto neg suht.tiheys 1.015 veri 1+ ph 5 prot neg nitr neg leuk neg		7	7
Tutkimuksen tulos: -ChtrNhO Negat. -GcNhO Negat.		7	7
Tutkimuksen tulos: TEHTY*****tapa: KeskisuihkuvirtsaRakkoaika: >4 hU-pH: 5.0Ominaispaino: 1.015U-Gluk-O: negU-Keto-O: negU-Prot-O: negU-Hb-O: negU-Leuk-O: negU-Nitr-O: neg		7	7
PAKETTI| TEHTYU-Suhti: 1.012U-pH: 5.5U-Leuk-O: negU-Nitr-O: negU-Alb-O: negU-Gluk-O: negU-Keto-O: negU-Eryt-O: neg		7	7
Resultat: 10,9  1 h postpr mmol/l		7	6
PAKETTI| TEHTYU-Suhti: 1.015U-pH: 5.5U-Leuk-O: negU-Nitr-O: negU-Alb-O: negU-Gluk-O: negU-Keto-O: negU-Eryt-O: neg		7	7
PAKETTI| TEHTYU-Suhti: 1.011U-pH: 7.0U-Leuk-O: negU-Nitr-O: negU-Alb-O: negU-Gluk-O: negU-Keto-O: negU-Eryt-O: neg		7	7
ULTRAMAXTUTKIMUS VASTAANOTOLLA  negatiivinen		7	7
PAKETTI| TEHTYU-Suhti: >1.030U-pH: 6.0U-Leuk-O: negU-Nitr-O: negU-Alb-O: negU-Gluk-O: negU-Keto-O: negU-Eryt-O: neg		7	7
Resultat: 6,4  2 h postpr mmol/l		7	7
NEGATNäytteen laatu:nenänielunäyte		7	7
Tutkimuksen tulos: -SienNa Negat. -SienVi Trichophyton rubrum		7	6
Tutkimuksen tulos: gluk neg keto neg suht.tiheys 1.005 veri neg ph 6.5 prot neg nitr neg leuk neg		7	7
1. LÖYDÖS: (Viljely) NEGATIIVINENVirtsa rakossa yli 4 tuntia_2: EiVirtsanäytetyyppi2: PLV		7	7
Resultat: 9,3  2 h postpr mmol/l		7	7
pos+		7	7
Näytteenottotapa: ks. läheteBakteeri- ja leukosyyttilaskentaan perustuva seulontanegatiivinen, jatkoviljelyä ei tehdä.		7	6
PAKETTI| TEHTYU-Suhti: 1.018U-pH: 6.0U-Leuk-O: negU-Nitr-O: negU-Alb-O: negU-Gluk-O: negU-Keto-O: negU-Eryt-O: neg		7	7
NEGAT OD		7	7
Provresultat: 9,4  1 h postpr mmol/l		7	7
PAKETTI| TEHTYU-Suhti: 1.022U-pH: 5.5U-Leuk-O: negU-Nitr-O: negU-Alb-O: negU-Gluk-O: negU-Keto-O: negU-Eryt-O: neg		7	7
Resultat: 10,7  2 h postpr mmol/l		7	7
Tutkimuksen tulos: gluk neg keto neg suht.tiheys 1.020 veri neg ph 5 prot neg nitr neg leuk 1+		7	7
Nukleiinihappo-osoitukset negatiiviset.Nukleiinihaponosoitukset negatiiviset.		7	7
Hepatiitti A-viruksen kokonaisvasta-aineetpositiiviset, mutta IgM-luokan vasta-aineet negatiiviset.Löydös sopii aikaisemmin sairastettuun A-hepatiittiintai potilas on rokotettu.		7	7
Rino/Entero positiivinenTutkimus ei erota näitä viruksia toisistaan.Kyseessä voi olla joko Rinovirus tai Enterovirus.		7	7
Tutkimuksen tulos: U-kem-seula: ph 6.5, prot neg, gluk neg, keto neg, leuk neg, veri neg, nitr neg		7	6
Bakteeri- ja leukosyyttilaskentaan perustuva seulontanegatiivinen, näytettäei viljellä.Virtsanäytetyyppi: PLVMIKSI NÄYTE ON OTETTU?: vatsakipuAntimikrobilääkitys:ei		7	7
PAKETTI| TEHTYU-Suhti: 1.015U-pH: 7.0U-Leuk-O: negU-Nitr-O: negU-Alb-O: negU-Gluk-O: negU-Keto-O: negU-Eryt-O: neg		7	7
O pos neg		7	5
1. LÖYDÖS: (Viljely) 2 VRK NEG   Mikäli kasvua ilmenee rikastusviljelyssä,   ilmoitamme siitä noin 6 vrk:n kuluessa.*****kohta2: X		7	6
Tutkimuksen tulos: tehtyNegatiivinen tulos SARS-CoV-2-IgG-määrityksessä.		7	7
E -ABORh: A Rh (D) pos P -VRAb-O: Negat		7	7
Resultat: pos. Lomake		7	5
Tutkimuksen tulos: StrepA neg.		7	6
A:neg B:neg		7	7
MIKSI NÄYTE ON OTETTU?: KontrolliNEGATIIVINEN		7	5
Bakteeri- ja leukosyyttilaskentaan perustuva seulontanegatiivinen, näytettäei viljellä.Virtsanäytetyyppi: PLV: alle 4 hMIKSI NÄYTE ON OTETTU?: inf?		7	7
Vastaus: Neg -		7	6
prot. 1+ gluk. negat.		7	7
Resultat: 8,2  2 h postpr mmol/l		6	6
Resultat: 10,8  1 h postpr mmol/l		6	6
Tutkimuksen tulos: leuk 0-1eryt 0-1epit 0-2bakt negat		6	6
Resultat: Positiv		6	6
Tulos negatiivinen.		6	6
Tutkimuksen tulos: tehty*****tapa: KeskisuihkuvirtsaRakkoaika: >4 hU-pH: 6.0Ominaispaino: 1.015U-Gluk-O: negatU-Keto-O: negatU-Prot-O: negatU-Hb-O: negatU-Leuk-O: negatU-Nitr-O: negat		6	6
Tutkimuksen tulos: negatNäytelaatu:NENÄNIELUERITEMistä otettu: nenänielu		6	6
posi		6	5
Tutkimuksen tulos: Ominaispaino: 1.025U-pH-O: 5.5U-Gluk-O: negU-Keto-O: negU-Eryt-O: negU-Alb-O: negU-Nitr-O: negU-Leuk-O: neg		6	6
Resultat: 8,2  1 h postpr mmol/l		6	5
LÖYDÖS: (Värjäys) Negatiivinen		6	5
Näytteenottotapa: KeskisuihkuRakkoaika: -Bakteeri- ja leukosyyttilaskentaan perustuva seulontanegatiivinen, jatkoviljelyä ei tehdä.		6	6
Ottokohta: uloste/rectumMikä muu bakteeri?: ESBL Klebs PneumNegatiivinen		6	6
Näytteenottotapa: KeskisuihkuRakkoaika: 3hBakteeri- ja leukosyyttilaskentaan perustuva seulontanegatiivinen, jatkoviljelyä ei tehdä.		6	6
pika, Negatiivinen		6	6
Heikko posit		6	6
Resultat: 7,9  1 h postpr mmol/l		6	6
negat %		6	6
Bakteeri- ja leukosyyttilaskentaan perustuva seulontanegatiivinen, näytettäei viljellä.Virtsanäytetyyppi: PLV: alle 4 hMIKSI NÄYTE ON OTETTU?: leikkausta varten		6	6
O pos,va neg		6	6
Tehty.NEGAT (C. DIFFICILE, S. AUREUS JA HIIVA)		6	6
Bakteeri- ja leukosyyttilaskentaan perustuva seulontanegatiivinen, näytettä ei viljellä.		6	6
PAKETTI| TEHTYU-Suhti: 1.010U-pH: 5.5U-Leuk-O: negU-Nitr-O: negU-Alb-O: negU-Gluk-O: negU-Keto-O: negU-Eryt-O: neg		6	6
Näytteen laatu: BRONKOALVEOLAARIHUUHMISTÄ NÄYTE ON OTETTU ?: oik brVärjäys: VÄRJÄYSTULOS NEGATNEGATIIVINEN		6	6
heikko positiivinen		6	6
Resultat: Negative		6	6
+Posit		6	6
1. LÖYDÖS: (Viljely) 2 VRK NEG   Mikäli kasvua ilmenee rikastusviljelyssä,   ilmoitamme siitä noin 6 vrk:n kuluessa.Ottokohta2: X		6	6
Resultat: 10,1  1 h postpr mmol/l		6	6
Pos+		6	6
Tutkimuksen tulos: gluk negativ, prot negativ		6	6
Posit (heikko)		6	5
PAKETTI| TEHTYU-Suhti: 1.011U-pH: 5.5U-Leuk-O: negU-Nitr-O: negU-Alb-O: negU-Gluk-O: negU-Keto-O: negU-Eryt-O: neg		6	6
Resultat: 7,4  2 h postpr mmol/l		6	6
Resultat: 6,9  1 h postpr mmol/l		6	6
Tutkittava on positiivinen HLA-DQB1*02 ja -DQA1*05alleelien suhteen.Tämä genotyyppi löytyy noin 90%:lta keliakia-potilaista, mutta myös 20%:lta taustaväestöstä.		6	6
NEGAT IU/ml		6	6
neg/2vrk		6	6
Resultat: 9,1  1 h postpr mmol/l		6	6
Resultat: 7,8  1 h postpr mmol/l		6	6
1. LÖYDÖS: (Viljely) NEGATIIVINENVirtsanäytteen rakkoaika on alle 4 tuntia.Virtsa rakossa yli 4 tuntia_2: Ei		6	6
Bakteeri- ja leukosyyttilaskentaan perustuva seulontanegatiivinen, näytettäei viljellä.Virtsanäytetyyppi: PLV: alle 4 hMIKSI NÄYTE ON OTETTU?: Botox tmp		6	6
PAKETTI| negatNegatiivinen tulos ei ole poissulkeva. Mikälikyseessä on vahva epäily varhaisvaiheen syfiliksestäsuositellaan seurantanäytettä 2-3 vk kuluttua jatarvittaessa S -FTAAbs -tutkimusta.		6	6
Resultat: neg Titteri		6	5
PAKETTI| TEHTYU-Suhti: >1.030U-pH: 5.5U-Leuk-O: negU-Nitr-O: negU-Alb-O: negU-Gluk-O: negU-Keto-O: negU-Eryt-O: neg		6	6
Provresultat: Neg /l		6	6
Bakteeri- ja leukosyyttilaskentaan perustuva seulontanegatiivinen, näytettäei viljellä.Virtsanäytetyyppi: PLV: alle 4 hMIKSI NÄYTE ON OTETTU?: alavatsakipu		6	6
Resultat: negativt		6	5
Resultat: 8,3  1 h postpr mmol/l		6	6
Resultat: 11,8  1 h postpr mmol/l		6	6
Resultat: Neg -		6	6
Resultat: 9,5  1 h postpr mmol/l		6	6
B posit		6	6
NEGAT E6/L		6	5
PAKETTI| TEHTYU-Suhti: 1.013U-pH: 5.5U-Leuk-O: negU-Nitr-O: negU-Alb-O: negU-Gluk-O: negU-Keto-O: negU-Eryt-O: neg		6	6
MIKSI NÄYTE ON OTETTU?: kurkkukipuAntimikrobilääkitys:eiHuomautukset.: eiNEGATIIVINEN		6	6
Resultat: 9,0  1 h postpr mmol/l		6	6
----- LOPULLINEN VASTAUS -----1. LÖYDÖS: (Viljely) NEGATIIVINENNäytteenoton syy: VTI -epäilyOttotapa: PLVRakkoaika: &lt 4 h----- LOPULLINEN VASTAUS -----		6	6
Vastaus: Negat. Lomake		6	6
Tutkimuksen tulos: gluk neg keto neg suht.tiheys 1.010 veri neg ph 8 prot neg nitr neg leuk neg		6	6
A:neg. B:neg		6	6
Provresultat: neg /l		6	6
Tutkimuksen tulos: tehty*****tapa: KeskisuihkuvirtsaRakkoaika: >4 hU-pH: 5.0Ominaispaino: 1.013U-Gluk-O: negatU-Keto-O: negatU-Prot-O: negatU-Hb-O: negatU-Leuk-O: negatU-Nitr-O: negat		6	6
neg s		6	5
- (NEG)		6	6
Tutkimuksen tulos: StrepA negatiivinen		6	6
Ps-StrViNegat.		6	6
Tutkimuksen tulos: gluk neg keto neg suht.tiheys 1.020 veri 3+ ph 5 prot neg nitr neg leuk neg		6	6
SARS-CoV-2-nukleiinihappo-osoitus negatiivinen.Nukleiinihaponosoitukset negatiiviset.		6	6
Näytteen laatu: BRONKOALVEOLAARIHUUHMISTÄ NÄYTE ON OTETTU ?: oikea bronkusVärjäys: VÄRJÄYSTULOS NEGATNEGATIIVINEN		6	5
Näytteenottotapa: AlkusuihkuRakkoaika: 4hBakteeri- ja leukosyyttilaskentaan perustuva seulontanegatiivinen, jatkoviljelyä ei tehdä.		6	6
Tutkimuksen tulos: leuk 0-1eryt 1-3epit 0-1bakt negat		6	6
Tutkimuksen tulos: POS Arvio		6	6
Näytteen laatu: BRONKOALVEOLAARIHUUHMISTÄ NÄYTE ON OTETTU ?: Vas bronkusVärjäys: VÄRJÄYSTULOS NEGATNEGATIIVINEN		6	6
O-(neg)		6	6
Bakteeri- ja leukosyyttilaskentaan perustuva seulontanegatiivinen, näytettäei viljellä.Virtsanäytetyyppi: PLV: alle 4 hAntimikrobilääkitys:ei		6	6
Tutkimuksen tulos: gluk neg keto neg suht.tiheys 1.015 veri 2+ ph 5 prot neg nitr neg leuk neg		6	6
Resultat: 9,7  1 h postpr mmol/l		6	6
Lopullinen vastaus 1. LÖYDÖS: (Viljely) Kystat,madonmuna:neg Parasitcystor och maskägg:neg.		6	6
Onko penisilliiniallergiaa?  KylläNukleiinihaponosoitukset negatiiviset.		6	6
Bakteeri- ja leukosyyttilaskentaan perustuva seulontanegatiivinen, näytettäei viljellä.Virtsanäytetyyppi: PLV: alle 4 hMIKSI NÄYTE ON OTETTU?: Kontrolli ennen Botox hoitoa		6	6
Tutkimuksen tulos: tehtyNegatiivinen tulos SARS-CoV-2-IgG-määrityksessä. I-näytteenIgG- ja IgA-reaktiivisuus sopii epäspesifiksitestireaktioksi.***** *****, sairaalamikrobiologi, dos		6	6
MIKSI NÄYTE ON OTETTU?: polviproteesileikkausNEGATIIVINEN		6	6
Provresultat: NEG Titteri		6	6
PAKETTI| TEHTYU-Suhti: 1.015U-pH: 6.0U-Leuk-O: negU-Nitr-O: negU-Alb-O: negU-Gluk-O: negU-Keto-O: negU-Eryt-O: 1+		6	6
Tutkimuksen tulos: negatNäytelaatu:NenänielueriteMistä otettu: Nenänielu		6	6
Bakteeri- ja leukosyyttilaskentaan perustuva seulontanegatiivinen, näytettäei viljellä.Virtsanäytetyyppi: PLVMIKSI NÄYTE ON OTETTU?: vti oireetMuu sairaus: -Antimikrobilääkitys:-		6	6
HPV 16 - NegatiivinenHPV 18 - NegatiivinenMuut korkean riskin HPV-tyypit(31,33,35,39,45,51,52,56,58,59,66,68) -NegatiivinenOttokohta: CervixOttokohta:Cervix		6	6
Resultat: 8,8  1 h postpr mmol/l		6	6
Tutkimuksen tulos: + posit		6	6
Posit (1+)		6	5
Resultat: 10,2  1 h postpr mmol/l		5	5
NEGATNäytelaatu:PUUTTUU		5	5
Resultat: 6,0  2 h postpr mmol/l		5	5
Negatiiviset		5	5
Tutkimuksen tulos: I:posit II:negat III:negat		5	5
Neg Lomake		5	5
Resultat: neg g/l		5	5
Tutkimuksen tulos: gluk neg keto neg suht.tiheys 1.005 veri neg ph 5 prot neg nitr neg leuk neg		5	5
Resultat: svagt pos.		5	5
Resultat: 9,4  2 h postpr mmol/l		5	5
E-ABORh: A Rh(D)pos P-VRAb-O: Negat		5	5
Nit posit		5	5
Tutkimuksen tulos: AEROBIVILJELY Grampositiivista kokkisekakasvua 10e4-5 ml		5	5
ARhD pos		5	5
E -ABORh: O Rh (D) pos P -VRAb-O: Negat		5	5
Negat. Ei vasta-aineita. Ei viitettä H. pylori-infektiosta.		5	5
Tutkimuksen tulos: TEHTY*****tapa: KeskisuihkuvirtsaRakkoaika: >4 hU-pH: 5.5Ominaispaino: 1.021U-Gluk-O: negU-Keto-O: negU-Prot-O: negU-Hb-O: negU-Leuk-O: negU-Nitr-O: neg		5	5
1. LÖYDÖS: (Viljely) NEGATIIVINENVirtsa rakossa yli 4 tuntia_2: Ei		5	5
PAKETTI| TEHTYU-Suhti: 1.017U-pH: 5.5U-Leuk-O: negU-Nitr-O: negU-Alb-O: negU-Gluk-O: negU-Keto-O: negU-Eryt-O: neg		5	5
Resultat: 8,9  1 h postpr mmol/l		5	5
Resultat: 8,7  2 h postpr mmol/l		5	5
Bakteeri- ja leukosyyttilaskentaan perustuva seulontanegatiivinen, näytettäei viljellä.Virtsanäytetyyppi: PLVMIKSI NÄYTE ON OTETTU?: kontrolliAntimikrobilääkitys:ei		5	5
Positiivinen IgM-vasta-ainelöydös sopiituoreeseen infektioon.		5	5
PAKETTI| TEHTYU-Suhti: 1.012U-pH: 5.0U-Leuk-O: negU-Nitr-O: negU-Alb-O: negU-Gluk-O: negU-Keto-O: negU-Eryt-O: neg		5	5
Tutkimuksen tulos: NEGAT l		5	5
PAKETTI| TEHTYU-Suhti: 1.020U-pH: 5.0U-Leuk-O: negU-Nitr-O: negU-Alb-O: negU-Gluk-O: negU-Keto-O: negU-Eryt-O: neg		5	5
Scl-70-IB: negatCENP-A-IB: negatCENP-B-IB: negatRP11: negatRP155: negatFibrillar: negatNOR90: negatTh/To: negatPM-Scl100: negatPM-Scl75: negatKu 72/86: negatPDGFR: negatRO52(SSA): negat		5	5
PAKETTI| TEHTYU-Suhti: 1.014U-pH: 5.0U-Leuk-O: negU-Nitr-O: negU-Alb-O: negU-Gluk-O: negU-Keto-O: negU-Eryt-O: neg		5	5
NEGATNäytteen laatu:Nenä-nielunäyte		5	5
nitr pos		5	5
Resultat: Pos. Lomake		5	5
Virtsan stiksaus:  U-Prot: negU-Gluk: neg		5	5
Resultat: 8,7   1 h postpr mmol/l		5	5
Tutkimuksen tulos: gluk neg keto neg suht.tiheys 1.025 veri 3+ ph 5 prot neg nitr neg leuk neg		5	5
PAKETTI| TEHTYU-Suhti: 1.022U-pH: 5.0U-Leuk-O: negU-Nitr-O: negU-Alb-O: negU-Gluk-O: negU-Keto-O: negU-Eryt-O: neg		5	5
Resultat: O Rh(D)pos Lomake		5	5
Varm.negat		5	5
PAKETTI| TEHTYU-Suhti: 1.021U-pH: 5.0U-Leuk-O: negU-Nitr-O: negU-Alb-O: negU-Gluk-O: negU-Keto-O: negU-Eryt-O: neg		5	5
Tutkimuksen tulos: tehty*****tapa: KeskisuihkuvirtsaRakkoaika: >4 hU-pH: 5.5Ominaispaino: 1.012U-Gluk-O: negatU-Keto-O: negatU-Prot-O: negatU-Hb-O: negatU-Leuk-O: negatU-Nitr-O: negat		5	5
POSIT.Tutkittavalla todettiin keliakiaan liittyvä riskihaplotyyppi DQ2. Käypähoito-suosituksen mukaan keliakia-diagnoosi perustuu transglutaminaasi - (tTG) ja endomysium-vasta-ainetutkimuksiin ja tarvittaessa ohutsuolen koepalaan. Todetun riskihaplotyypin vuoksi keliakiaan sairastumisen mahdollisuus tulevaisuudessa ei ole poissuljettu vaikkei tTG-vasta-aineita nyt havaittaisikaan.		5	5
Tutkimuksen tulos: leuk 0-2eryt 0-2epit 0-2bakt negat		5	5
Resultat: 10,3  1 h postpr mmol/l		5	5
Pos +		5	5
PAKETTI| TEHTYU-Suhti: 1.018U-pH: 6.5U-Leuk-O: negU-Nitr-O: negU-Alb-O: negU-Gluk-O: negU-Keto-O: negU-Eryt-O: neg		5	5
Resultat: 7,5  1 h postpr mmol/l		5	5
Provresultat: POSIT Titteri		5	5
negatiivinne		5	5
Tutkimuksen tulos: TEHTY*****tapa: KeskisuihkuvirtsaRakkoaika: >4 hU-pH: 6.0Ominaispaino: 1.015U-Gluk-O: negU-Keto-O: negU-Prot-O: negU-Hb-O: negU-Leuk-O: negU-Nitr-O: neg		5	5
Tutkimuksen tulos: TEHTY*****tapa: KeskisuihkuvirtsaRakkoaika: >4 hU-pH: 6.0Ominaispaino: 1.020U-Gluk-O: negU-Keto-O: negU-Prot-O: negU-Hb-O: negU-Leuk-O: negU-Nitr-O: neg		5	5
Pikanieluviljely negatiivinen		5	5
Resultat: 6,9  2,5 h postpr mmol/l		5	5
PAKETTI| TEHTYU-Suhti: 1.026U-pH: 5.0U-Leuk-O: negU-Nitr-O: negU-Alb-O: negU-Gluk-O: negU-Keto-O: negU-Eryt-O: neg		5	5
Tutkimuksen tulos: tehty*****tapa: KeskisuihkuvirtsaRakkoaika: >4 hU-pH: 5.0Ominaispaino: 1.020U-Gluk-O: negatU-Keto-O: negatU-Prot-O: negatU-Hb-O: negatU-Leuk-O: negatU-Nitr-O: negat		5	5
Resultat: A Rh(D)pos Lomake		5	5
Resultat: 7,5  2 h postpr mmol/l		5	5
GLU neg KET neg OMINAISPAINO 1,015 ERYT neg pH 7.0 PRO neg NIT neg LEU neg RAKKOAIKA 3h		5	5
Resultat: pika NEG -		5	5
PAKETTI| TEHTYU-Suhti: 1.015U-pH: 5.0U-Leuk-O: negU-Nitr-O: negU-Alb-O: negU-Gluk-O: negU-Keto-O: negU-Eryt-O: neg		5	5
NEGAT gekv/ml		5	5
positiv.		5	5
PAKETTI| TEHTYU-Suhti: 1.018U-pH: 5.5U-Leuk-O: negU-Nitr-O: negU-Alb-O: negU-Gluk-O: negU-Keto-O: negU-Eryt-O: neg		5	5
Resultat: 5,8  2,5 h postpr mmol/l		5	5
Tutkimuksen tulos: gluk neg keto neg suht.tiheys 1.005 veri neg ph 8 prot neg nitr neg leuk neg		5	5
Resultat: 11,7  2 h postpr mmol/l		5	5
Tehty.Näytteen laatu:HILSE/RAAPENatiivissa sientä ei todettavissa. SIENIVILJELY/SVAMPODLING:NEGAT		5	5
Tutkimuksen tulos: tehtyEdelleen positiivinen tulos SARS-CoV-2-IgG-määrityksessä.***** *****, sairaalamikrobiologi		5	5
Näytteen laatu: VeriJCVNh: negat (kopiota/ml)BKVNh: negat (kopiota/ml)		5	5
PAKETTI| TEHTYU-Suhti: 1.014U-pH: 5.5U-Leuk-O: negU-Nitr-O: negU-Alb-O: negU-Gluk-O: negU-Keto-O: negU-Eryt-O: neg		5	5
LausuntoOn IgG-vasta-aineita vesirokkovirukselle.Huom! VZVAb-menetelmänmuutos astunut voimaan20.5.2019. Tulokset eivät ole vertailukelpoisiaedellisen menetelmän tulosten kanssa.Negatiivinen S-VZVAbG-tulos <50mlU/ml. HUOM: Laboratoriosiirrossa tutkimus vaihdettu tutkimuskoodiksi 4467		5	5
Resultat: NEG /l		5	5
Resultat: 8,8  2 h postpr mmol/l		5	5
pH 6, muut negat		5	5
NEGATPotilas ei ole sairastanut hepatiitti B-virus- infektiota (***** *****)		5	5
Resultat: 8,9   1,5 h postpr mmol/l		5	5
Resultat: 8,6  2 h postpr mmol/l		5	5
Resultat: 7,2  2 h postpr mmol/l		5	5
negatMistä otettu: nenänielu		5	5
Tutkimuksen tulos: gluk neg keto neg suht.tiheys 1.020 veri neg ph 5 prot neg nitr pos leuk 3+		5	5
Tutkimuksen tulos: gluk neg keto 1+ suht.tiheys 1.025 veri neg ph 5 prot neg nitr neg leuk neg		5	5
Negatiivin		5	5
heikko pos.		5	5
A POSIT.		5	5
Tutkimuksen tulos: U -Leuk 0 nk (Viitearvot: 0.0 - 5.0 nk)U -Eryt 1 nk (Viitearvot: 0.0 - 2.0 nk)U -Levyep 0 nkU -Välim.ep 0 nkU -Bakt Negat.Muuta Ei löydöksiä		5	5
Resultat: 7,7  2 h postpr mmol/l		5	5
Tehty1. LÖYDÖS: (Viljely) EI SIENIKASVUA1. LÖYDÖS: (Natiivi) NEGATIIVINEN		5	5
Resultat: 10,6  2 h postpr mmol/l		5	5
prot. h+, gluk. negat.		5	5
PAKETTI| TEHTYU-Suhti: 1.017U-pH: 6.0U-Leuk-O: negU-Nitr-O: negU-Alb-O: negU-Gluk-O: negU-Keto-O: negU-Eryt-O: neg		5	5
Posit*S-HBsAb positiivinen.Tulos voi liittyä aikaisemmin sairastettuuninfektioon tai potilas on rokotettu.		5	5
PAKETTI| TEHTYU-Suhti: 1.018U-pH: 5.0U-Leuk-O: negU-Nitr-O: negU-Alb-O: negU-Gluk-O: negU-Keto-O: negU-Eryt-O: neg		5	5
Bakteeri- ja leukosyyttilaskentaan perustuva seulontanegatiivinen, näytettäei viljellä.Virtsanäytetyyppi: PLVAntimikrobilääkitys:Ei		5	5
Tulos sopii käynnissä olevaan tai aiemmin sairastettuuninfektioon.Negatiivinen: &lt0,80 IndeksiRaja-arvo   : 0,80-&lt0,90 IndeksiPositiivinen: &gt=0,90 Indeksi		5	5
NEGATNäytteen laatu:nenänieluerite		5	5
PAKETTI| TEHTYU-Suhti: 1.024U-pH: 5.5U-Leuk-O: negU-Nitr-O: negU-Alb-O: negU-Gluk-O: negU-Keto-O: negU-Eryt-O: neg		5	5
PAKETTI| TEHTYU-Suhti: 1.008U-pH: 7.0U-Leuk-O: negU-Nitr-O: negU-Alb-O: negU-Gluk-O: negU-Keto-O: negU-Eryt-O: neg		5	5
Tutkimuksen tulos: -CandVi Negatiivinen  -AurVi Negatiivinen Ulosteelle tyypillistä suolistomikrobistoa.  F -CldiVi Negatiivinen		5	5
Resultat: 9,6  1 h postpr mmol/l		5	5
1. LÖYDÖS: (Viljely) NEGATIIVINENVirtsanäytteen rakkoaika on alle 4 tuntia.Virtsa rakossa yli 4 tuntia_2: EiVirtsanäytetyyppi2: PLV		5	5
POSIT Lopullinen vastaus Lääkärillä on ilmoitusvelvollisuus taudista.		5	5
Bakteeri- ja leukosyyttilaskentaan perustuva seulontanegatiivinen, näytettäei viljellä.Virtsanäytetyyppi: KERTAKATETRIMIKSI NÄYTE ON OTETTU?: inf?		5	5
Lopul.neg		5	5
Tutkimuksen tulos: negat pmy/ml		5	5
AB, Rh(D) Pos		5	5
Tutkimuksen tulos: Uricult: negatiivinen		5	5
POSIT.Tutkittavalla todettiin keliakiaan liittyvä riskihaplotyyppi DQ8 ja keliakialle altistava haplotyyppi DQX.5. Käypähoito-suosituksen mukaan keliakia-diagnoosi perustuu transglutaminaasi- (tTG) ja endomysium-vasta-ainetutkimuksiin ja tarvittaessa ohutsuolen koepalaan. Todetun riskihaplotyypin vuoksi keliakiaan sairastumisen mahdollisuus tulevaisuudessa ei ole poissuljettu vaikkei tTG-vasta-aineita nyt havaittaisikaan.		5	5
Tutkimuksen tulos: tehty*****tapa: KeskisuihkuvirtsaRakkoaika: >4 hU-pH: 5.0Ominaispaino: 1.015U-Gluk-O: negatU-Keto-O: negatU-Prot-O: negatU-Hb-O: negatU-Leuk-O: negatU-Nitr-O: negat		5	5
Tehty1.   NEGATIIVINEN		5	5
Tutkimuksen tulos: Ominaispaino: 1.005U-pH-O: 6U-Gluk-O: negU-Keto-O: negU-Eryt-O: negU-Alb-O: negU-Nitr-O: negU-Leuk-O: neg		5	5
Resultat: 11,4  1 h postpr mmol/l		5	5
Tutkimuksen tulos: pos Lomake		5	5
Tutkimuksen tulos: tehtyPositiivinen tulos kahdella eri menetelmälläSARS-CoV-2-IgG-määrityksessä.***** *****, el		5	5
PAKETTI| TEHTYU-Suhti: 1.019U-pH: 5.5U-Leuk-O: negU-Nitr-O: negU-Alb-O: negU-Gluk-O: negU-Keto-O: negU-Eryt-O: neg		5	5
I:Negat II:Negat III:Negat		5	5
Lausunto1.   NEGATIIVINEN		5	5
Resultat: 7,2  1 h postpr mmol/l		5	5
Bakteeri- ja leukosyyttilaskentaan perustuva seulontanegatiivinen, näytettäei viljellä.Virtsanäytetyyppi: KESTOKATETRI		5	5
Resultat: 7,7  1 h postpr mmol/l		5	5
A RhD Neg		5	5
TEHTY U-Omp: 1.025U-pH-O: 5.5U-Gluk-O: negU-Keto-O: negU-Eryt-O: negU-Alb-O: negU-Nitr-O: negU-Leuk-O: neg		5	5
Resultat: 6,9  1,5 h postpr mmol/l		5	5
Vastaus: svagt pos		5	5
-SienNa Negat.--------------------SienVi--------------------SienViEi kasvua		5	5
Tutkimuksen tulos: Ominaispaino: 1.015U-pH-O: 7.5U-Gluk-O: negU-Keto-O: negU-Eryt-O: negU-Alb-O: negU-Nitr-O: negU-Leuk-O: neg		5	5