MEASUREMENT_FREE_TEXT	MAPPED	Note	cnt	Npeople
NEGAT	0		2620371	262008
negat	0		1816479	182457
neg	0		722027	116130
NEG	0		712026	140481
Negat	0		576466	172841
Negat.	0		450122	104992
Neg	0		252341	62294
A RhD pos	NA		134341	56639
Negatiivinen	0		104357	42553
O RhD pos	NA		99644	41482
-(neg)	0		92509	28187
NEGAT.	0		90237	8235
Posit.	1		84652	42791
POSIT	1		78054	54647
Posit	1		62101	52498
B RhD pos	NA		52872	22375
posit	1		48904	28573
negat.	0		47845	28279
POS	1		40980	27958
negative	0		35069	2689
Tutkimuksen tulos: NEGAT	0		34650	8589
seulneg	0	check testID --> OK	26728	8765
SEULPOS	1		25964	11443
NEGATIVE	0		25861	2402
AB RhD pos	NA		25074	10682
negatiivinen	0		24680	18181
A RhD neg	NA		23598	8306
POSIT*	1		20167	15335
pos	1		19285	9978
Pos	1		18024	9506
O RhD neg	NA		17669	6288
NEG Arvio	0		17260	8530
Positiivinen	1		15440	13882
Tutkimuksen tulos: NEG	0		13976	4700
+(pos)	1		10928	4949
Tutkimuksen tulos: Negat.	0		10466	3096
Tutkimuksen tulos: negat	0		10244	4090
B RhD neg	NA		9208	3237
Resultat: NEGAT	0		9058	687
A Rh(D)pos	NA		7683	4868
Tutkimuksen tulos: Negatiivinen	0		7476	3332
Tutkimuksen tulos: neg	0		7127	1573
Negative	0		7018	1069
O Rh(D)pos	NA		6114	3795
Tutkimuksen tulos: Neg	0		5451	3138
POSIT.	1		5309	1564
Provresultat: Negat	0		5068	672
neg.	0		5063	1668
positiivinen	1		4923	4744
A Rh POS	NA		4893	4381
AB RhD neg	NA		4751	1635
Negatiiv	0		4687	1751
posit*	1		4518	1944
Neg.	0		4092	577
Posit.*	1		3922	2932
Resultat: neg	0		3664	1030
O Rh POS	NA		3632	3152
NEGATIIVINEN	0		3203	1442
B Rh(D)pos	NA		2919	1931
Tutkimuksen tulos: Negat	0		2836	1380
NEGAT pmy/ml	0		2589	1920
POSITIVE	1		2560	1501
Provresultat: neg	0		2181	479
Posit*	1		2086	1345
-(negat)	0		1905	1839
POSITIVE*	1		1905	799
B Rh POS	NA		1893	1660
Resultat: Neg.	0		1663	319
POSIT.*	0		1657	359
negat U/ml	0		1547	1399
pos*	1		1478	648
ABRh(D)pos	NA		1417	884
2 vrk neg.	0	check testID --> OK	1313	753
Resultat: pos	1		1238	549
Tutkimuksen tulos: NEGATNäytelaatu:Nenänieluerite	0		1151	1005
NEGATNäytteen laatu:nenänielu	0		1098	770
Tutkimuksen tulos: negatiivinen	0		1073	815
Vastaus: neg	0		1064	281
A Rh(D)neg	NA		1061	637
positive	1		1052	539
NEGAT U/ml	0		1042	951
posit pmy/ml	1		1019	625
posit.	1		1019	783
Tehty NEGATIIVINEN	0		961	773
Resultat: NEGAT Lomake	0		957	479
SARS-CoV-2-nukleiinihappo-osoitus negatiivinen.	0		935	688
AB Rh POS	NA		929	823
Tutkimuksen tulos: negatNäytelaatu:Nenänieluerite	0		908	810
NEG E6/L	0		889	726
NEGAT Titteri	0		878	608
Neg E6/L	0		875	714
Provresultat: NEGAT	0		838	369
O Rh(D)neg	NA		791	527
Resultat: NEG Lomake	0		767	565
seulpos	1	check testID --> OK	759	283
Näytteenottotapa: KeskisuihkuRakkoaika: Alle 4hBakteeri- ja leukosyyttilaskentaan perustuva seulontanegatiivinen, jatkoviljelyä ei tehdä.	0		723	573
Resultat: neg Lomake	0		721	404
A Rh NEG	NA		698	614
Seul posit	1	check testID --> OK	687	532
POSIT U/ml	1		687	483
1. LÖYDÖS: (Viljely) NEGATIIVINEN	0		677	463
Neisseria gonorrhoeae negatiivinenChlamydia trachomatis negatiivinen	0	how did we map these package tests (ANSWER: we did NOT!)	666	511
Resultat: Neg	0		660	173
Tutkimuksen tulos: NEGATNäytelaatu:NENÄNIELUERITE	0		649	599
Tutkimuksen tulos: POSIT	1		637	552
Tutkimuksen tulos: negat.	0		632	491
POSITIIVINEN	1		616	595
Tutkimuksen tulos: Negatiivinen streptokokkiviljely.	0		588	500
neg Arvio	0		587	332
Vastaus: NEGAT	0		578	88
Tutkimuksen tulos: Lausunto1. LÖYDÖS: (Viljely) NEGATIIVINEN	0		577	173
+(pos eiA)	1		576	476
Tutkimuksen tulos: Pos	1		557	441
Tutkimuksen tulos: NEG Arvio	0		540	434
Tutkimuksen tulos: NEGAT Titteri	0		538	504
NEG IU/ml	0		516	276
O Rh NEG			506	442
Resultat: NEG	0		499	425
Negat. U/l	0		496	453
Näytteenottotapa: KeskisuihkuBakteeri- ja leukosyyttilaskentaan perustuva seulontanegatiivinen, jatkoviljelyä ei tehdä.	0		492	428
B Rh(D)neg	NA		485	284
POS/NEG	NA	WTF	480	402
Näytteenottotapa: KeskisuihkuRakkoaika: Yli 4hBakteeri- ja leukosyyttilaskentaan perustuva seulontanegatiivinen, jatkoviljelyä ei tehdä.	0		478	412
Tutkimuksen tulos: Negat. Serokonversio HCV-infektiossa tapahtuu useimmiten vasta 3 - 4 kuukautta sairastumisesta. Vasta-aineiden tutkiminen on näin ollen akuutin C-hepatiitin diagnostiikassa vain rajallisesti sovelias.	0		477	221
POS Arvio	1		468	325
Tehty 2 VRK:N VILJELY NEGATIIVINEN Mikäli kasvua ilmenee rikastusviljelyssä,  ilmoitamme siitä noin 6 vrk:n kuluessa.	0		453	296
Provresultat: Negat l	0		436	253
Tutkimuksen tulos: posit	1		431	307
NEGAT Lopullinen vastaus	0		425	291
Tutkimuksen tulos: -(neg)	0		422	203
Tutkimuksen tulos: F -SalmVi Negatiivinen	0		420	209
NEGATNäytteen laatu:Nenänielu	0		400	340
? RhD pos	NA		395	84
Tutkimuksen tulos: Neg.	0		390	102
Provresultat: pos	1		382	227
Näytteenottotapa: KeskisuihkuRakkoaika: 4hBakteeri- ja leukosyyttilaskentaan perustuva seulontanegatiivinen, jatkoviljelyä ei tehdä.	0		361	328
Tutkimuksen tulos: NEGATNäytelaatu:ERITE, NENÄNIELU-	0		358	336
Tutkimuksen tulos: neg Arvio	0		350	201
Tutkimuksen tulos: POS	1		349	306
Nukleiinihaponosoitukset negatiiviset.	0		347	235
Provresultat: Neg.	0		339	71
pos.	1		330	281
Resultat: POSITIVE	1		323	123
Tehty1. LÖYDÖS: (Viljely) NEGATIIVINEN	0		322	157
negat Titteri	0		316	197
Provresultat: neg Lomake	0		314	118
Resultat: neg.	0		305	233
Tutkimuksen tulos: Negat. titteri	0		304	299
Provresultat: Posit	1		294	193
-neg	0		290	112
-(Neg)	0		289	268
Tehty.NEGAT	0		287	158
POSIT EIU	1		285	270
Tutkimuksen tulos: Positiivinen	1		281	260
B Rh NEG	0		273	245
Tutkimuksen tulos: Ps-StrVi Negatiivinen	1		268	250
Tutkimuksen tulos: Ei tehty, koska S -ENA negat. U ml	NA		264	84
Tutkimuksen tulos: NEGAT AU/ml	0		261	134
Vastaus: NEGAT Lomake	0		255	141
Resultat: negat Lomake	0		255	99
+(pos A)	NA	check testID	251	228
Tutkimuksen tulos: Posit.	1		246	213
-/neg	0		245	147
Provresultat: NEG	0		241	159
negat g/l	0		238	232
NEG<25	0		238	183
Vastaus: neg Lomake	0		238	147
Pos*	1		237	161
Tutkimuksen tulos: neg.	0		237	140
Tutkimuksen tulos: SEULPOS	1		236	176
Negatiivinen tulos ei poissulje primaarivaiheen syfilistä	0		229	196
Bakteeri- ja leukosyyttilaskentaan perustuva seulontanegatiivinen, näytettäei viljellä.Virtsanäytetyyppi: PLV:aamu/&gt4hMIKSI NÄYTE ON OTETTU?: kontr.			229	102
EI TEHTYS-HCVAb-O negatiivinen.P-HCVNhJt-tutkimusta ei tehdä.	NA		222	189
Tutkimuksen tulos: Negat. Viitearvot: Negat.	0		219	187
Tutkimuksen tulos: pos	1		219	178
Resultat: Pos.	1		217	146
Vastaus: pos	1		212	106
Tutkimuksen tulos: Negat. Ei kasvua	0		210	188
Resultat: negat	0		200	87
Tutkimuksen tulos: Lausunto1. LÖYDÖS: NEGATIIVINEN	0		196	64
Provresultat: NEGAT Lomake	0		194	106
Tutkimuksen tulos: gluk neg keto neg suht.tiheys 1.020 veri neg ph 5 prot neg nitr neg leuk neg	0		193	183
negat Indeksi	0	check testID --> OK	190	185
NEGAT bakt/ml	0		186	85
ABRh(D)neg	NA		184	127
Resultat: NEGAT Titteri	0		177	114
Vastaus: NEG Lomake	0		176	121
Resultat: pos Lomake	1		174	116
Positive	1		174	136
Provresultat: NEG Lomake	0		174	80
Näytteestä ei ole osoitettavissa Cl. difficile -bakteerin B-toksiinigeeniä.Nukleiinihaponosoitukset negatiiviset.	0		172	141
Resultat: Negat	0		165	37
Tutkimuksen tulos: F -SalmVi Negatiivinen  F -ShigVi Negatiivinen  F -YersVi Negatiivinen  F -CampVi Negatiivinen	0		164	161
posit***	1		163	94
Resultat: negativ	0		159	97
Ei tehty, koska seulonta negatiivinen	NA	NA	158	76
POS IU/ml	0		158	66
neg Lopullinen vastaus	0		157	25
POSIT:	1		156	122
NEGAT kopiota/ml	0		153	29
Negat. Arvio	0		152	17
Bakteeri- ja leukosyyttilaskentaan perustuva seulontanegatiivinen, näytettäei viljellä.Virtsanäytetyyppi: PLV:aamu/&gt4hMIKSI NÄYTE ON OTETTU?: kontrolli	0		150	94
Negat.Tulkinta/viitearvot,Negat.	0		150	25
posit EIU	1		148	146
AB Rh NEG	NA		146	132
-negatiivinen	0		146	132
- negatiivinen	0		144	122
Tutkimuksen tulos: Negat. U ml	0		144	95
Resultat: positiv	1		138	77
Tutkimuksen tulos: Negat l	0		134	78
Vastaus: Neg.	0		134	21
NEGAT AU/ml	0		133	99
Tutkimuksen tulos: Negat. Titteri	0		132	131
1. LÖYDÖS: (Viljely) 2 VRK NEG   Mikäli kasvua ilmenee rikastusviljelyssä,   ilmoitamme siitä noin 6 vrk:n kuluessa.*****kohta2: veri	0		130	103
Provresultat: Neg	0		130	35
negativ	0		129	103
negat kopiota/ml	0		128	26
Neisseria gonorrhoeae negatiivinenChlamydia trachomatis negatiivinennäytteenlaatu Limakalvoanatomia Nieluottotapa Pumpulitikku	0	package test result	127	97
Bakteeri- ja leukosyyttilaskentaan perustuva seulontanegatiivinen, näytettäei viljellä.Virtsanäytetyyppi: PLV			125	120
Tutkimuksen tulos: Negatiivinen.	0		123	113
Tehty----- LO***** VASTAUS -----1. LÖYDÖS: (Viljely) NEGATIIVINEN----- LO***** VASTAUS -----	0		121	112
Tutkimuksen tulos: F -Madonmunat Toukat: Negat.Alkuel.kystat: Negat.	0	packate test result	120	49
Tutkimuksen tulos: Posit	1		119	96
1. LÖYDÖS: (Viljely) 2 VRK NEG   Mikäli kasvua ilmenee rikastusviljelyssä,   ilmoitamme siitä noin 6 vrk:n kuluessa.Ottokohta2: veri			118	88
-negat	0		117	109
Provresultat: negat	0		113	21
Tulos negatiivinen. Ei aktiiviin tai latenttiin tuberkuloosiin viittaavaa.	0		112	54
Tutkimuksen tulos: gluk neg keto neg suht.tiheys 1.025 veri neg ph 5 prot neg nitr neg leuk neg	0		110	104
NEG Lopullinen vastaus SARS-CoV-2-nukleiinihappo-osoitus negatiivinen.	0		110	101
lopull.neg	0		109	99
+(pos)*	1		109	104
pos Arvio	1		107	90
Resultat: POSIT Lomake	1		106	65
- (Neg)	0		106	100
POS*	1		106	65
Bakteeri- ja leukosyyttilaskentaan perustuva seulontanegatiivinen, näytettäei viljellä.Virtsanäytetyyppi: PLV:aamu/&gt4hMIKSI NÄYTE ON OTETTU?: kontr	0		106	34
NEG.	0		106	62
Tehty NEGATIIVINEN NEGATIIVINEN	0		105	58
Tutkimuksen tulos: NEGATPotilas ei ole sairastanut hepatiitti B-virus-infektiota(***** *****)	0		105	101
Tutkimuksen tulos: Negat. indeksi	0	check testID	104	103
POSIT kopiota/ml	1		103	22
Negativ	0		103	52
nega	0		101	49
+++(pos)	1		101	98
Tutkimuksen tulos: NEGAT.	0		96	35
Tutkimuksen tulos: positiivinen	1		96	95
Tehty 1. LÖYDÖS: (Viljely) Negatiivinen	0		90	90
Tutkimuksen tulos: Lopullinen vastaus1. LÖYDÖS: (Viljely) NEGATIIVINEN	0		90	69
Vastaus: negat Lomake	0		87	31
U-Stixit kaikki Negat.	0		87	70
Tutkimuksen tulos: NEGAT bakt/ml	0		85	54
Tutkimuksen tulos: negat Lomake	0		84	39
NEGAT EIU	0		84	69
Tutkimuksen tulos: NEGAT U/ml	0		82	74
NEGAT Lopullinen vastaus Näytteen laatu5:PUUTTUU	0		82	79
NEGATNäytteen laatu:NENÄNIELU	0		82	78
Resultat: negativ Lomake	0		82	59
Tutkimuksen tulos: neg Lomake	0		82	40
negatNäytteenoton syy: VTI epäily*****tapa: keskisuihkuRakkoaika: > 4 h	0		81	72
posit**	1		81	65
Provresultat: negat Lomake	0		78	31
Provresultat: neg.	0		78	62
Resultat: O Rh(D)pos	NA		78	18
ULTRAMAXTUTKIMUS VASTAANOTOLLA  Negatiivinen.	0		78	68
Tutkimuksen tulos: Ei tehty, koska S-ENA negat. U ml	NA		77	63
negatiivin	NA		77	73
PAKETTI| NEGAT	NA		76	69
POS>25	NA		76	64
Tehty----- LO***** VASTAUS -----1. LÖYDÖS: (Viljely) NEGATIIVINENPyyntötarrat puuttuivat.----- LO***** VASTAUS -----	NA		76	68
<25 (neg)	NA		74	62
Bakteeri- ja leukosyyttilaskentaan perustuva seulontanegatiivinen, näytettäei viljellä.Virtsanäytetyyppi: PLV: alle 4 h	NA		73	66
Y1000.00S-HBsAb positiivinen.Tulos voi liittyä aikaisemmin sairastettuuninfektioon tai potilas on rokotettu.	NA		72	68
negat.-	NA		72	69
<25(neg)	NA		71	56
Provresultat: negativ	NA		71	41
Tutkimuksen tulos: +(pos)	NA		71	45
Tutkimuksen tulos: Ei tehty,koska S-ENA negat. U ml	NA		71	69
Vastaus: NEG	NA		70	62
Tutkimuksen tulos: pos Arvio	NA		70	39
1. LÖYDÖS: (Viljely) Negatiivinen	NA		70	50
U-Prot: negU-Gluk: neg	NA		67	66
Näytteenottotapa: AlusastiaBakteeri- ja leukosyyttilaskentaan perustuva seulontanegatiivinen, jatkoviljelyä ei tehdä.	NA		67	63
Tutkimuksen tulos: NEGATNäytelaatu:NenänielueriteMistä otettu: nn	NA		66	64
Fl-Vi neg	NA		65	61
Heikko pos	NA		64	49
Vastaus: Neg	NA		64	14
A+(pos)	NA		64	63
Bakteeri- ja leukosyyttilaskentaan perustuva seulontanegatiivinen, jatkoviljelyä ei tehdä.	NA		63	58
negat Lomake	NA		63	9
Negat. Vastaus annettu solulaskenta-analysaattorin tuloksen perusteella.	NA		63	63
Tutkimuksen tulos: I:negat II:negat III:negat	NA		62	61
NEGAT.Vastaus perustuu bakteeri-ja leukosyyttilaskentaan.	NA		62	57
U-Prot: negat U-Gluk: negat	NA		61	55
Tutkimuksen tulos: gluk neg keto neg suht.tiheys 1.015 veri neg ph 5 prot neg nitr neg leuk neg	NA		61	58
Tutkimuksen tulos: negatNäytelaatu:NenänielueriteMistä otettu: nn	NA		60	59
Tutkimuksen tulos: leuk 0-1eryt 0-1epit 0-1bakt negat	NA		59	58
Lausunto1. LÖYDÖS: (Viljely) NEGATIIVINEN	NA		59	25
Resultat: O Rh(D)pos lomake	NA		59	24
Värjäys: VÄRJÄYSTULOS NEGATNEGATIIVINEN	NA		59	36
HPV 16 - NegatiivinenHPV 18 - NegatiivinenMuut korkean riskin HPV-tyypit(31,33,35,39,45,51,52,56,58,59,66,68) -NegatiivinenOttokohta: cervixOttokohta:cervix	NA		59	58
Resultat: Negativt	NA		58	13
Resultat: neg -	NA		57	48
Tulos positiivinen, näytteestä osoitettu CMV-DNA:ta.	NA		57	15
Näytteenottotapa: KertakatetriBakteeri- ja leukosyyttilaskentaan perustuva seulontanegatiivinen, jatkoviljelyä ei tehdä.	NA		56	49
Resultat: neg /l	NA		56	46
Resultat: Pos	NA		56	44
O+(pos)	NA		55	55
1:1 posit	NA		55	53
negat AU/ml	NA		54	46
HEIKKO POS	NA		54	38
Tutkimuksen tulos: negat U/ml	NA		52	48
Provresultat: A RhD pos	NA		52	10
Provresultat: neg g/l	NA		52	38
NEGATNäytteen laatu:Tikkunäyte	NA		51	51
2vrk:neg	NA		51	46
Tutkimuksen tulos: NEG Lomake	NA		51	25
Ps-StrViNegatiivinen	NA		50	48
kaikki neg	NA		50	40
Resultat: negat /l	NA		50	38
NEGATNäytelaatu:PUUTTUU Mistä otettu: Nenänielu	NA		50	48
Tehty SIENINATIIVI NEGATIIVINEN EI SIENIKASVUA	NA		49	47
Nukleiinihappo-osoitukset negatiiviset.	NA		49	35
Tutkimuksen tulos: Negat Lomake	NA		48	17
Tutkimuksen tulos: leuk 0-4eryt 0-2epit 0-2bakt negat	NA		48	46
Tutkimuksen tulos: NEGATNäytelaatu:NenänielueriteMistä otettu: nenänielu	NA		48	48
Negatiivinen.	NA		48	45
Vastaus: NEGAT Titteri	NA		47	33
Resultat: O RhD pos Lomake	NA		47	22
Pos.	NA		45	43
posit Titteri	NA		45	40
pos AU/ml	NA		45	45
Tutkimuksen tulos: negatNäytelaatu:NenänielueriteMistä otettu: nenänielu	NA		44	44
Tutkimuksen tulos: posit.	NA		44	43
Tutkimuksen tulos: NEGAT titteri	NA		44	39
Tehty.Näytteen laatu:VirtsaNEGAT	NA		43	36
Tutkimuksen tulos: negatNäytelaatu:NENÄNIELUERITE	NA		43	43
Negat. U/ml	NA		43	25
Resultat: pos.	NA		43	37
Provresultat: POSIT Lomake	NA		43	26
1:2 posit	NA		43	37
Onko penisilliiniallergiaa?  EiNukleiinihaponosoitukset negatiiviset.	NA		42	40
2vrk/neg	NA		42	33
Neisseria gonorrhoeae negatiivinenChlamydia trachomatis negatiivinennäytteenlaatu Eriteanatomia Nieluottotapa Pumpulitikku	NA		42	41
2vrk Negat	NA		42	37
Resultat: posit	NA		41	29
Näytteenottotapa: KestokatetriBakteeri- ja leukosyyttilaskentaan perustuva seulontanegatiivinen, jatkoviljelyä ei tehdä.	NA		41	37
Bakteeri- ja leukosyyttilaskentaan perustuva seulontanegatiivinen, näytettäei viljellä.Virtsanäytetyyppi: PLVMIKSI NÄYTE ON OTETTU?: inf?	NA		41	41
Resultat: A RhD pos Lomake	NA		40	27
Provresultat: Neg Lomake	NA		40	26
Resultat: A Rh(D)pos lomake	NA		40	16
NEGATIV	NA		40	10
Vastaus: pos Lomake	NA		40	27
Tutkimuksen tulos: Negat. AU/ml	NA		40	21
1. LÖYDÖS: NEGATIIVINEN	NA		39	39
Bakteeri- ja leukosyyttilaskentaan perustuva seulontanegatiivinen, näytettäei viljellä.	NA		39	39
heikko pos	NA		39	37
Tutkimuksen tulos: NEGAT EIU	NA		39	38
U-Prot:negatU-Gluk:negat	NA		38	37
NEGAT.Tutkittavalla ei todettu keliakiaan liittyvää riskihaplotyyppiä HLA-DQ2 eikä riskihaplotyyppiä HLA-DQ8. Tutkittavalla ei ole käytännössä riskiä sairastua keliakiaan.	NA		38	38
negat Lopullinen vastaus	NA		38	11
? RhD neg	NA		38	13
NEG kopiota/ml	NA		38	18
Tutkimuksen tulos: NEGATSeulontatutkimuksessa ei todeta ENA-vasta-aineita.Erillisiä osatutkimuksia ei ole tehty.	NA		37	37
Tutkimuksen tulos: tehtyPositiivinen tulos SARS-CoV-2-IgG-määrityksessä.	NA		37	37
Resultat: neg. Lomake	NA		37	25
Tehty1. LÖYDÖS: NEGATIIVINEN	NA		37	18
POSIT Titteri	NA		37	26
TehtyNegatiivinen	NA		37	35
positiv	NA		37	30
Bakteeri- ja leukosyyttilaskentaan perustuva seulontanegatiivinen, näytettäei viljellä.Virtsanäytetyyppi: PLV:aamu/&gt4hMIKSI NÄYTE ON OTETTU?: Munuaissiirtopotilas, kontrolli	NA		36	12
NEGAT.Tutkittavalla ei todettu keliakiaan liittyvääriskihaplotyyppiä HLA-DQ2 eikä riskihaplotyyppiäHLA-DQ8. Tutkittavalla ei ole käytännössä riskiäsairastua keliakiaan.	NA		36	36
Positiivinen.	NA		36	36
NEGAT kopio/ml	NA		36	27
Tutkimuksen tulos: NEGATIIVINEN	NA		36	32
Tutkimuksen tulos: Posit. Viitearvot: Negat.	NA		35	27
- NEGATIIVINEN	NA		35	33
NEGATNäytteen laatu:PUUTTUU	NA		35	34
Positiv	NA		35	34
ENA vasta-aineseulonta (RNP,Sm,SSA,SSB,Jo1,Scl70,Cent) negatiivinenSpesifisiä vasta-aineita ei määritetä.	NA		35	34
Tehty NEGATIIVINEN EI AEROBISTA KASVUA EI ANAEROBIKASVUA	NA		34	33
1:4 posit	NA		34	28
Vastaus: negat	NA		34	17
negt	NA		34	24
Näytteenottotapa: AlkusuihkuBakteeri- ja leukosyyttilaskentaan perustuva seulontanegatiivinen, jatkoviljelyä ei tehdä.	NA		34	33
Bakteeri- ja leukosyyttilaskentaan perustuva seulontanegatiivinen, näytettäei viljellä.Virtsanäytetyyppi: PLVMIKSI NÄYTE ON OTETTU?: kontrolli	NA		33	31
neg.-	NA		33	30
Provresultat: NEGAT Titteri	NA		33	30
A Rh:+pos	NA		33	24
Bakteeri- ja leukosyyttilaskentaan perustuva seulontanegatiivinen, näytettäei viljellä.Virtsanäytetyyppi: PLV:aamu/&gt4h	NA		33	33
NEGATNäytteen laatu:Nenänielunäyte	NA		33	32
Tutkimuksen tulos: NEGATNäytelaatu:NENÄNIELUERITEMistä otettu: nenänielu	NA		33	33
Tutkimuksen tulos: I:Negat II:Negat III:Negat	NA		33	32
Provresultat: O RhD pos	NA		33	16
NEG Lopullinen vastaus	NA		32	21
negat pmy/ml	NA		32	31
Tutkimuksen tulos: -SienNa Negat. -SienVi Ei kasvua	NA		32	31
-NEGATIIVINEN	NA		32	31
Resultat: positiv Lomake	NA		32	29
Provresultat: positiv	NA		32	21
Provresultat: Pos.	NA		32	32
Tutkimuksen tulos: POSITNäytelaatu:Nenänieluerite	NA		32	32
POSIT kopio/ml	NA		32	8
-(NEG)	NA		32	32
Tutkimuksen tulos: gluk neg keto neg suht.tiheys 1.015 veri neg ph 6 prot neg nitr neg leuk neg	NA		31	30
neg AU/l	NA		31	30
-, negat	NA		31	30
Resultat: A Rh(D)neg lomake	NA		31	5
1:8 posit	NA		31	23
NEGATNäytteen laatu:nenänielu-näyte	NA		31	31
Tutkimuksen tulos: tehtyPositiivinen tulos kahdella eri SARS-CoV-2 IgG-määrityksellä.***** *****, sairaalamikrobiologi, dos	NA		30	28
negat IU/ml	NA		30	27
O RhD Pos	NA		30	30
Tutkimuksen tulos: gluk neg keto neg suht.tiheys 1.020 veri 1+ ph 5 prot neg nitr neg leuk neg	NA		30	27
Tutkimuksen tulos: NEGATNäytelaatu:NENÄNIELUERITEMistä otettu: nenänielusta	NA		30	30
B+(pos)	NA		30	29
posit +	NA		30	23
negatNäytteenoton syy: Epäselvän infektion selvittely*****tapa: keskisuihkuRakkoaika: > 4 h	NA		30	29
Resultat: NEGAT /l	NA		29	26
Ottotapa: KS KeskisuihkuRakkoaika: 4Bakteeri- ja leukosyyttilaskentaan perustuva seulontanegatiivinen, jatkoviljelyä ei tehdä.	NA		29	28
Tutkimuksen tulos: negat Indeksi	NA		29	28
Näytteen laatu: VERIJCVNh: negat (kopiota/ml)BKVNh: negat (kopiota/ml)	NA		29	17
Tutkimuksen tulos: Madonmunat Toukat: Negat.Alkuel.kystat: Negat.	NA		29	12
Tutkimuksen tulos: NEGATNäytelaatu:NENÄNIELUERITEMistä otettu: nenä-nielu	NA		29	29
Tutkimuksen tulos: Eosinofiilit: negatNeutrofiilit: negat	NA		29	29
Vastaus: POSITIVE	NA		28	7
Provresultat: pos Lomake	NA		28	21
Vastaus: neg -	NA		28	20
Posit+	NA		28	28
Tutkimuksen tulos: POS/NEG	NA		28	26
HPV 16 - NegatiivinenHPV 18 - NegatiivinenMuut korkean riskin HPV-tyypit(31,33,35,39,45,51,52,56,58,59,66,68) -Negatiivinen	NA		28	28
Negat mIU/ml	NA		28	27
MIKSI NÄYTE ON OTETTU?: kurkkukipuNEGATIIVINEN	NA		28	27
Resultat: Negat. Lomake	NA		28	27
Tutkimuksen tulos: negatiivinen.	NA		28	21
Tutkimuksen tulos: negat. Lomake	NA		28	8
tehty NEGATIIVINEN	NA		28	23
++(pos)	NA		27	26
Näytteen laatu: veriJCVNh: negat (kopiota/ml)BKVNh: negat (kopiota/ml)	NA		27	12
Vastaus: negativ Lomake	NA		27	20
A, Rh(D) Pos	NA		27	27
Bakteeri- ja leukosyyttilaskentaan perustuva seulontanegatiivinen, näytettäei viljellä.Virtsanäytetyyppi: PLVMIKSI NÄYTE ON OTETTU?: vatsakipu	NA		27	26
Näytteenottotapa: KeskisuihkuRakkoaika: 4Bakteeri- ja leukosyyttilaskentaan perustuva seulontanegatiivinen, jatkoviljelyä ei tehdä.	NA		27	27
Resultat: POS Lomake	NA		27	26
SEULONTA::  VÄRJÄYS::  NHO::  AER.PULLO:: NEGATIIVINEN ANAER.PULLO:: NEGATIIVINEN	NA		27	21
Vastaus: neg.	NA		27	25
+(posit)	NA		27	27
PAKETTI| LausuntoHepatiitti A-viruksen kokonaisvasta-aineetpositiiviset, mutta IgM-luokan vasta-aineet negatiiviset.Löydös sopii aikaisemmin sairastettuun A-hepatiittiintai potilas on rokotettu.	NA		27	22
Resultat: Neg Lomake	NA		27	21
Herpes simplex-virus PCR negatiivinen	NA		27	24
Tutkimuksen tulos: negatNäytelaatu:ERITE, NENÄNIELU-	NA		26	26
Tutkimuksen tulos: negatiivinen Lomake	NA		26	9
Tutkimuksen tulos: Negat. U/ml	NA		26	22
heikko posit	NA		26	25
Provresultat: POSITIVE	NA		26	24
MIKSI NÄYTE ON OTETTU?: kipuAntimikrobilääkitys:eiNEGATIIVINEN	NA		26	26
NEG mmol/l	NA		26	26
POSIT* kopiota/ml	NA		26	6
Vastaus: negat /l	NA		25	22
Vastaus: neg /l	NA		25	22
Negatiivinen: &lt0,80 IndeksiRaja-arvo   : 0,80-&lt0,90 IndeksiPositiivinen: &gt=0,90 Indeksi	NA		25	25
Bakteeri- ja leukosyyttilaskentaan perustuva seulontanegatiivinen, näytettä ei viljellä.Näytteenoton syy: kirvely/tihent.tarve	NA		25	23
PAKETTI| TEHTYU-Suhti: 1.020U-pH: 6.0U-Leuk-O: negU-Nitr-O: negU-Alb-O: negU-Gluk-O: negU-Keto-O: negU-Eryt-O: neg	NA		25	25
Resultat: svagt pos	NA		25	20
Näytteenottotapa: KertakatetriRakkoaika: Alle 4hBakteeri- ja leukosyyttilaskentaan perustuva seulontanegatiivinen, jatkoviljelyä ei tehdä.	NA		25	25
Afinn RhD pos	NA		25	7
post	NA		25	7
prot h+, gluk neg	NA		24	13
positiivin	NA		24	23
Resultat: POSIT	NA		24	19
Posvarmton	NA		24	12
-Negatiivinen	NA		23	23
PAKETTI| TEHTYU-Suhti: 1.025U-pH: 6.0U-Leuk-O: negU-Nitr-O: negU-Alb-O: negU-Gluk-O: negU-Keto-O: negU-Eryt-O: neg	NA		23	21
Vastaus: POSIT Lomake	NA		23	15
Tutkimuksen tulos: leuk 0-1eryt 0-2epit 0-1bakt negat	NA		23	21
Tutkimuksen tulos: gluk neg keto neg suht.tiheys 1.020 veri neg ph 6 prot neg nitr neg leuk neg	NA		23	22
Tulos positiivinen, näytteestä osoitettu EBV-DNA:ta.	NA		23	5
Vastaus: negativ	NA		23	15
NEGATNäytteen laatu:Nenänieluerite	NA		23	23
Resultat: Neg. Lomake	NA		22	19
NEGAT pmol/l	NA		22	18
Tutkimuksen tulos: NEGAT Lomake	NA		22	15
A RhD Pos	NA		22	22
negativ.	NA		22	21
Näytteenottotapa: KestokatetriRakkoaika: Alle 4hBakteeri- ja leukosyyttilaskentaan perustuva seulontanegatiivinen, jatkoviljelyä ei tehdä.	NA		22	22
Tutkimuksen tulos: POSIT EIU	NA		22	21
2vrk negat	NA		21	21
Neisseria gonorrhoeae negatiivinenChlamydia trachomatis positiivinen	NA		21	20
Resultat: neg l	NA		21	14
NEGATSpesifiset vasta-ainetutkimukset negatiiviset.Näytteitä säilytetään 3 kk ajan serologian laboratoriossa.Epäsuoraimmunofluoresenssitutkimus tehdään erikseen pyydettäessä.Pyynnöt ***** *****.	NA		21	21
O, Rh(D) Pos	NA		21	21
MIKSI NÄYTE ON OTETTU?: PROTEESILEIKKAUSNEGATIIVINEN	NA		21	21
E-ABORh: O Rh(D) pos P-VRAb-O: Negat	NA		21	19
Sieninatiivi negatiivinen.näytteenlaatu: KYNSIanatomia: KYNSIottotapa: RAAPUT	NA		21	20
Näytteenottotapa: ks. läheteRakkoaika: Alle 4hBakteeri- ja leukosyyttilaskentaan perustuva seulontanegatiivinen, jatkoviljelyä ei tehdä.	NA		21	19
matala pos	NA		21	19
Tutkimuksen tulos: NEG.	NA		21	7
Bakteeri- ja leukosyyttilaskentaan perustuva seulontanegatiivinen, näytettäei viljellä.Virtsanäytetyyppi: KERTAKATETRI	NA		20	20
negatNäytteenoton syy: Rutiininäyte, ei oireita*****tapa: keskisuihkuRakkoaika: > 4 h	NA		20	20
Viljely Seulontatulos positiivinen solulaskennan perusteella. Jatkoviljelyn tulos vastataan myöhemmin tutkimukselle U -BaktSJVi.	NA		20	20
Fl-Vi pos	NA		20	18
Ottotapa: KS KeskisuihkuBakteeri- ja leukosyyttilaskentaan perustuva seulontanegatiivinen, jatkoviljelyä ei tehdä.	NA		20	20
Tutkimuksen tulos: Positiivinen.	NA		20	19
Tutkimuksen tulos: NEG AU/ml	NA		20	20
Tutkimuksen tulos: U -Leuk 0 nk (Viitearvot: 0.0 - 5.0 nk)U -Eryt 0 nk (Viitearvot: 0.0 - 2.0 nk)U -Levyep 0 nkU -Välim.ep 0 nkU -Bakt Negat.Muuta Ei löydöksiä	NA		20	20
MIKSI NÄYTE ON OTETTU?: kurkkukipuAntimikrobilääkitys:eiNEGATIIVINEN	NA		20	20
ULTRAMAXTUTKIMUS VASTAANOTOLLA  positiivinen	NA		20	20
O Rh:+pos	NA		20	18
Bakteeri- ja leukosyyttilaskentaan perustuva seulontanegatiivinen, näytettäei viljellä.Virtsanäytetyyppi: PLV: alle 4 hMIKSI NÄYTE ON OTETTU?: kontrolli	NA		19	19
POSIT.Tutkittavalla todettiin keliakiaan liittyväriskihaplotyyppi DQ8. Käypähoito-suosituksenmukaan keliakia-diagnoosi perustuutransglutaminaasi- (tTG)  jaendomysium-vasta-ainetutkimuksiin ja tarvittaessaohutsuolen koepalaan. Todetun riskihaplotyypinvuoksi keliakiaan sairastumisen mahdollisuustulevaisuudessa ei ole poissuljettu vaikkeitTG-vasta-aineita nyt havaittaisikaan.	NA		19	19
Bakteeri- ja leukosyyttilaskentaan perustuva seulontanegatiivinen, näytettäei viljellä.Virtsanäytetyyppi: PLV:aamu/&gt4hMIKSI NÄYTE ON OTETTU?: Munuaispkl:n kontrolli	NA		19	11
POSIT.Tutkittavalla todettiin keliakiaan liittyväriskihaplotyyppi DQ2.5. Käypähoito-suosituksenmukaan keliakia-diagnoosi perustuutransglutaminaasi- (tTG) jaendomysium-vasta-ainetutkimuksiin ja tarvittaessaohutsuolen koepalaan. Todetun riskihaplotyypinvuoksi keliakiaan sairastumisen mahdollisuustulevaisuudessa ei ole poissuljettu vaikkeitTG-vasta-aineita nyt havaittaisikaan.	NA		19	19
Nega	NA		19	14
Vastaus: NEGAT /l	NA		19	17
Lopull.neg	NA		19	19
Tutkimuksen tulos: gluk neg keto neg suht.tiheys 1.025 veri 1+ ph 5 prot neg nitr neg leuk neg	NA		19	19
Negat. suhde	NA		19	11
pos aU/ml	NA		19	19
Pos (+)	NA		18	16
Nukleiinihaponosoitukset negatiiviset.F -GiarNhO: NEGF -CrypNhO: NEGF -EhisNhO: NEGF -DienNhO: NEG	NA		18	16
Tutkimuksen tulos: POSITIVE	NA		18	15
F -ShigViNegatiivinen	NA		18	17
F -YersViNegatiivinen	NA		18	17
Ottotapa: KS KeskisuihkuRakkoaika: 3Bakteeri- ja leukosyyttilaskentaan perustuva seulontanegatiivinen, jatkoviljelyä ei tehdä.	NA		18	18
Tutkimuksen tulos: Uricult:negatiivinen	NA		18	15
Bakteeri- ja leukosyyttilaskentaan perustuva seulontanegatiivinen, näytettäei viljellä.Virtsanäytetyyppi: PLVMIKSI NÄYTE ON OTETTU?: tulee kystoskopiaan	NA		18	18
Resultat: B RhD pos Lomake	NA		18	14
Tutkimuksen tulos: gluk neg keto neg suht.tiheys 1.005 veri neg ph 7 prot neg nitr neg leuk neg	NA		18	18
Tutkimuksen tulos: Seupos	NA		18	15
tehty 1. NEGATIIVINEN	NA		18	18
Tutkimuksen tulos: POSIT.	NA		18	18
Näytteenottotapa: KeskisuihkuRakkoaika: 2Bakteeri- ja leukosyyttilaskentaan perustuva seulontanegatiivinen, jatkoviljelyä ei tehdä.	NA		17	17
Näytteenottotapa: KertakatetriRakkoaika: Yli 4hBakteeri- ja leukosyyttilaskentaan perustuva seulontanegatiivinen, jatkoviljelyä ei tehdä.	NA		17	15
Tutkimuksen tulos: -SienNa Negat.	NA		17	17
Resultat: 7,9  2 h postpr mmol/l	NA		17	16
POSIT.Tutkittavalla todettiin keliakiaan liittyvä riskihaplotyyppi DQ2.5. Käypähoito-suosituksen mukaan keliakia-diagnoosi perustuu transglutaminaasi- (tTG) ja endomysium-vasta-ainetutkimuksiin ja tarvittaessa ohutsuolen koepalaan. Todetun riskihaplotyypin vuoksi keliakiaan sairastumisen mahdollisuus tulevaisuudessa ei ole poissuljettu vaikkei tTG-vasta-aineita nyt havaittaisikaan.	NA		17	17
Posit +	NA		17	17
Provresultat: negativ Lomake	NA		17	17
Tutkimuksen tulos: gluk neg keto neg suht.tiheys 1.015 veri neg ph 6.5 prot neg nitr neg leuk neg	NA		17	17
+/pos	NA		17	14
NEGATNäytteen laatu:NIELUNÄYTE	NA		17	17
F -CampViNegatiivinen	NA		17	16
PAKETTI| TEHTYU-Suhti: 1.010U-pH: 6.0U-Leuk-O: negU-Nitr-O: negU-Alb-O: negU-Gluk-O: negU-Keto-O: negU-Eryt-O: neg	NA		17	15
Vastaus: A RhD pos Lomake	NA		17	12
S -PDHAb-O: negatS -Sp100Ab: negatS -PMLAb: negatS -gp210Ab: negatS -LKMAb-O: negatS -LC1Ab-O: negatS -SLAAb-O: negat	NA		17	17
Negat. AU/ml	NA		17	10
Provresultat: A Rh(D)pos	NA		16	13
LÖYDÖS: (Värjäys) Värjäystulos negat1. LÖYDÖS: (Viljely) Negatiivinen	NA		16	10
F -BaktVi1-------------------F -SalmViNegatiivinen	NA		16	15
Resultat: neg %	NA		16	15
Ottotapa: KS KeskisuihkuRakkoaika: 2Bakteeri- ja leukosyyttilaskentaan perustuva seulontanegatiivinen, jatkoviljelyä ei tehdä.	NA		16	15
Resultat: A Rh(D)pos	NA		16	14
Bakteeri- ja leukosyyttilaskentaan perustuva seulontanegatiivinen, näytettä ei viljellä.Näytteenoton syy: raskausNäytteen ottotapa: keskivirtsaOnko potilaalla keinorakko?: Ei	NA		16	14
NEGATNäytelaatu:PUUTTUU Mistä otettu: nenänielu	NA		16	16
neg AU/ml	NA		16	16
NEGA	NA		16	7
PositS-HBsAb positiivinen.Tulos voi liittyä aikaisemmin sairastettuuninfektioon tai potilas on rokotettu.	NA		16	16
Bakteeri- ja leukosyyttilaskentaan perustuva seulontanegatiivinen, näytettä ei viljellä.Näytteenoton syy: kirvely/tihent.tarveNäytteen ottotapa: keskivirtsa	NA		15	15
Tutkimuksen tulos: negativ	NA		15	9
TehtyNEGAT	NA		15	15
Tutkimuksen tulos: gluk neg keto neg suht.tiheys 1.020 veri 2+ ph 5 prot neg nitr neg leuk neg	NA		15	15
Tutkimuksen tulos: tehtyRaja-arvoinen tulos SARS-CoV-2-IgG-määrityksessä,positiivinen IgA-määrityksessä. Suos. uusintatutkimusta 2-3viikon kuluttua.***** *****, sairaalamikrobiologi, dos	NA		15	15
PAKETTI| TEHTYU-Suhti: 1.015U-pH: 6.5U-Leuk-O: negU-Nitr-O: negU-Alb-O: negU-Gluk-O: negU-Keto-O: negU-Eryt-O: neg	NA		15	15
-Neg	NA		15	15
Stixit negat.	NA		15	15
Tutkimuksen tulos: tehtyPositiivinen tulos kahdella eri SARS-CoV-2-IgG-määrityksellä.Myös IgA-tulos positiivinen.***** *****, sairaalamikrobiologi, dos	NA		15	15
NEGAT LAUSUNTO	NA		15	15
+(Pos)	NA		15	15
Provresultat: O Rh(D)pos	NA		15	10
Tutkimuksen tulos: gluk neg keto neg suht.tiheys 1.010 veri neg ph 7 prot neg nitr neg leuk neg	NA		15	15
Provresultat: O RhD pos Lomake	NA		15	13
Heikko Posit	NA		15	15
Provresultat: POSIT	NA		15	12
A neg. B neg	NA		14	14
Pos (++)	NA		14	11
pos/neg	NA		14	13
Bakteeri- ja leukosyyttilaskentaan perustuva seulontanegatiivinen, näytettä ei viljellä.Näytteenoton syy: kirvely/tihent.tarveNäytteen ottotapa: keskivirtsaOnko potilaalla keinorakko?: Ei	NA		14	14
Resultat: Negat /l	NA		14	12
NEGAT Lausunto	NA		14	8
POS.	NA		14	14
Tutkimuksen tulos: NEGATNäytelaatu:ERITE, NENÄNIELU-Mistä otettu: nenänielu	NA		14	14
Alust. Neg.	NA		14	14
Onko penisilliiniallergiaa?  eiNukleiinihaponosoitukset negatiiviset.	NA		14	14
Neg (-)	NA		14	14
MIKSI NÄYTE ON OTETTU?: proteesileikkausNEGATIIVINEN	NA		14	14
Tutkimuksen tulos: Negatiivinen streptokokkiviljely	NA		14	14
Lopullinen vastaus 1. LÖYDÖS: (Viljely) NEGATIIVINEN	NA		14	11
Bakteeri- ja leukosyyttilaskentaan perustuva seulontanegatiivinen, näytettä ei viljellä.Näytteenoton syy: raskaus	NA		14	13
Resultat: POSIT Titteri	NA		14	10
Resultat: Svagt Pos.	NA		13	12
ULTRAMAXTUTKIMUS VASTAANOTOLLA  Positiivinen.	NA		13	13
Tutkimuksen tulos: Raja-arvo Viitearvot: Negat.	NA		13	10
Tutkimuksen tulos: POSITIIVINEN	NA		13	13
negatNäytteenoton syy: VTI epäily*****tapa: keskisuihkuRakkoaika: < 4 h	NA		13	12
F -hHb-O Negat.	NA		13	9
Bakteeri- ja leukosyyttilaskentaan perustuva seulontanegatiivinen, näytettäei viljellä.Virtsanäytetyyppi: PLVMIKSI NÄYTE ON OTETTU?: vti?	NA		13	13
Vastaus: Negat /l	NA		13	12
POSIT gekv/ml	NA		13	10
Tutkimuksen tulos: tehtyNegatiivinen tulos SARS-CoV-2-IgG-määrityksessä.***** *****, sairaalamikrobiologi, dos	NA		13	13
POS AU/ml	NA		13	11
Näytteenottotapa: AlusastiaRakkoaika: Alle 4hBakteeri- ja leukosyyttilaskentaan perustuva seulontanegatiivinen, jatkoviljelyä ei tehdä.	NA		13	13
Provresultat: neg -	NA		13	11
Tutkimuksen tulos: Heikko posit.	NA		13	12
negatMistä otettu: Nenänielu	NA		13	13
PAKETTI| TEHTYU-Suhti: 1.010U-pH: 6.5U-Leuk-O: negU-Nitr-O: negU-Alb-O: negU-Gluk-O: negU-Keto-O: negU-Eryt-O: neg	NA		13	12
Bakteeri- ja leukosyyttilaskentaan perustuva seulontanegatiivinen, näytettäei viljellä.Virtsanäytetyyppi: PLVMIKSI NÄYTE ON OTETTU?: infektio?	NA		13	13
Bakteeri- ja leukosyyttilaskentaan perustuva seulontanegatiivinen, näytettäei viljellä.Virtsanäytetyyppi: PLVMIKSI NÄYTE ON OTETTU?: inf?Antimikrobilääkitys:ei	NA		13	13
B RhD Pos	NA		12	12
tehty 1. LÖYDÖS: NEGATIIVINEN	NA		12	12
--------------------------------------------------Lisätiedot:Aikaisemmat tubilöydökset?    : ETB-lääkitys (K/E)             : Eipuhnro,johon posit tulos ilm. : #####-----------------------------------------	NA		12	7
MIKSI NÄYTE ON OTETTU?: kurkkukipuAntimikrobilääkitys:-Huomautukset.: -NEGATIIVINEN	NA		12	12
PAKETTI| TEHTYU-Suhti: 1.015U-pH: 6.0U-Leuk-O: negU-Nitr-O: negU-Alb-O: negU-Gluk-O: negU-Keto-O: negU-Eryt-O: neg	NA		12	12
Nukleiinihappo-osoitukset negatiiviset.Tulos sisältää osatutkimustuloksen Li-CMVNhO (negatiivinen).	NA		12	12
NEGAT titteri	NA		12	10
Tutkimuksen tulos: tehtyPositiivinen tulos SARS-CoV-2-IgG- ja IgA-määrityksessä.***** *****, el	NA		12	12
Tutkimuksen tulos: Negativ	NA		12	8
Resultat: Negat.	NA		12	5
Vastaus: Pos.	NA		12	8
Bakteeri- ja leukosyyttilaskentaan perustuva seulontanegatiivinen, näytettä ei viljellä.Näytteenoton syy: raskausNäytteen ottotapa: keskivirtsa	NA		12	12
Tehty. Negatiivinen	NA		12	9
Tutkimuksen tulos: +(posit.)	NA		12	10
negatNäytteenoton syy: Ei tietoa*****tapa: keskisuihkuRakkoaika: > 4 h	NA		12	12
PAKETTI| NEGATSeulontatutkimuksessa ei todeta ENA-vasta-aineita. Erillisiä osatutkimuksia ei ole tehty.	NA		12	12
negat EIU	NA		12	11
Y1000.00*S-HBsAb positiivinen.Tulos voi liittyä aikaisemmin sairastettuuninfektioon tai potilas on rokotettu.	NA		12	9
Resultat: NEGAT U/ml	NA		12	12
1. LÖYDÖS: (Viljely) 2 VRK NEG   Mikäli kasvua ilmenee rikastusviljelyssä,   ilmoitamme siitä noin 6 vrk:n kuluessa.Ottokohta2: vv	NA		12	10
NEGAT /L	NA		12	12
MIKSI NÄYTE ON OTETTU?: kurkkukipuAntimikrobilääkitys:-NEGATIIVINEN	NA		12	12
heikko posit.	NA		12	12
Neisseria gonorrhoeae negatiivinenChlamydia trachomatis negatiivinennäytteenlaatu Eriteanatomia Cervixottotapa Pumpulitikku	NA		12	12
Tutkimuksen tulos: gluk neg keto neg suht.tiheys 1.025 veri 2+ ph 5 prot neg nitr neg leuk neg	NA		12	11
Tutkimuksen tulos: POSIT U/ml	NA		12	12
MIKSI NÄYTE ON OTETTU?: Kantajuuden selvitysNEGATIIVINEN	NA		12	9
PAKETTI| TEHTYU-Suhti: 1.020U-pH: 5.5U-Leuk-O: negU-Nitr-O: negU-Alb-O: negU-Gluk-O: negU-Keto-O: negU-Eryt-O: neg	NA		12	12
Tutkimuksen tulos: NEGATNäytelaatu:NenänielueriteMistä otettu: Nenä-nielu	NA		12	12
Provresultat: A Rh(D)pos lomake	NA		12	9
Negat. Serokonversio HCV-infektiossa tapahtuu useimmiten vasta 3 - 4 kuukautta tartunnasta. Vasta-aineiden tutkiminen on näin ollen akuutin C-hepatiitin diagnostiikassa vain rajallisesti sovelias.	NA		11	11
PAKETTI| TEHTYU-Suhti: 1.020U-pH: 6.5U-Leuk-O: negU-Nitr-O: negU-Alb-O: negU-Gluk-O: negU-Keto-O: negU-Eryt-O: neg	NA		11	11
F -SalmViNegatiivinen	NA		11	10
Resultat: svagt pos Lomake	NA		11	9
Bakteeri- ja leukosyyttilaskentaan perustuva seulontanegatiivinen, näytettä ei viljellä.Näytteenoton syy: muu	NA		11	11
B Rh:+pos	NA		11	10
Tutkimuksen tulos: tehtyNegatiivinen tulos SARS-CoV-2-IgG-määrityksessä. I-näytteenIgG-reaktiivisuus sopii epäspesifiksi testireaktioksi, sekämolempien näytteiden IgA-reaktiot sopivat parhaitenepäspesifiksi testireaktioksi.***** *****, sairaalamikrobiologi, dos	NA		11	11
Neisseria gonorrhoeae negatiivinenChlamydia trachomatis negatiivinennäytteenlaatu Limakalvoanatomia Nieluottotapa Dacrontikku	NA		11	11
Näytteen laatu: BRONKOALVEOLAARIHUUHMISTÄ NÄYTE ON OTETTU ?: Oik bronkusVärjäys: VÄRJÄYSTULOS NEGATNEGATIIVINEN	NA		11	11
neg / ei kasvua	NA		11	11
Tutkimuksen tulos: Heikko positiivinen	NA		11	11
kaikki stixit negatiiviset	NA		11	9
Resultat: 7,8  2 h postpr mmol/l	NA		11	9
prot. h+ gluk. negat.	NA		11	8
Resultat: Neg. EIU	NA		11	10
NEGATNäytelaatu:PUUTTUU Mistä otettu: NENÄNIELU	NA		11	11
Provresultat: POS	NA		11	9
pikaA: negat.	NA		11	11
posit ++	NA		11	9
Neg-	NA		11	9
Resultat: negativ %	NA		11	11
Provresultat: NEG S/CO	NA		11	10
POSIT.Tutkittavalla todettiin keliakiaan liittyvä riskihaplotyyppi DQ8. Käypähoito-suosituksen mukaan keliakia-diagnoosi perustuu transglutaminaasi- (tTG)  ja endomysium-vasta-ainetutkimuksiin ja tarvittaessa ohutsuolen koepalaan. Todetun riskihaplotyypin vuoksi keliakiaan sairastumisen mahdollisuus tulevaisuudessa ei ole poissuljettu vaikkei tTG-vasta-aineita nyt havaittaisikaan.	NA		11	11
E -ABORh: O Rh(D)pos P -VRAb-O: Negat	NA		11	11
Posit++	NA		11	10
Tutkimuksen tulos: gluk neg keto neg suht.tiheys 1.010 veri neg ph 5 prot neg nitr neg leuk neg	NA		11	11
NEG Lopullinen vastaus Bakteeri- ja leukosyyttilaskentaan perustuva seulonta negatiivinen, jatkoviljelyä ei tehdä. ottotapa Keskisuihku	NA		11	11
Resultat: B Rh(D)pos	NA		11	6
Tutkimuksen tulos: gluk neg keto neg suht.tiheys 1.015 veri neg ph 7 prot neg nitr neg leuk neg	NA		11	11
Bakteeri- ja leukosyyttilaskentaan perustuva seulontanegatiivinen, näytettäei viljellä.Virtsanäytetyyppi: PLVMIKSI NÄYTE ON OTETTU?: kuume	NA		10	10
AB+(pos)	NA		10	10
E-ABORh: B Rh(D) pos P-VRAb-O: Negat	NA		10	10
Provresultat: O Rh(D)pos lomake	NA		10	6
posit.+	NA		10	10
Näytteenottotapa: ks. läheteRakkoaika: 4hBakteeri- ja leukosyyttilaskentaan perustuva seulontanegatiivinen, jatkoviljelyä ei tehdä.	NA		10	10
Tutkimuksen tulos: pos.	NA		10	9
posit+	NA		10	9
Tutkimuksen tulos: Posit mIU/ml	NA		10	10
Tutkimuksen tulos: F -CldiVi Negatiivinen F -CldiTox Negat.	NA		10	10
POSIT +	NA		10	10
PAKETTI| TEHTYU-Suhti: 1.025U-pH: 5.5U-Leuk-O: negU-Nitr-O: negU-Alb-O: negU-Gluk-O: negU-Keto-O: negU-Eryt-O: neg	NA		10	10
Tutkimuksen tulos: leuk 0-1eryt 1-2epit 0-1bakt negat	NA		10	10
kaikki negat.	NA		10	10
B, Rh(D) Pos	NA		10	10
PAKETTI| TEHTYU-Suhti: 1.013U-pH: 6.5U-Leuk-O: negU-Nitr-O: negU-Alb-O: negU-Gluk-O: negU-Keto-O: negU-Eryt-O: neg	NA		10	10
Tutkimuksen tulos: Lausunto1. NEGATIIVINEN	NA		10	8
Provresultat: Pos	NA		10	8
Resultat: NEGAT EIU	NA		10	10
Resultat: 6,8  2 h postpr mmol/l	NA		10	10
Posit mIU/ml	NA		10	9
Resultat: B Rh(D)pos lomake	NA		10	8
Tutkimuksen tulos: -SienNa Negat	NA		10	10
E-ABORh: A Rh(D) pos P-VRAb-O: Negat	NA		10	10
>25(pos)	NA		10	8
Provresultat: neg l	NA		10	10
Tutkimuksen tulos: gluk neg prot neg	NA		10	10
Resultat: POS	NA		10	9
Negat. Titteri	NA		10	6
Tehty1. LÖYDÖS: (Viljely) NEGATIIVINENNäytteestä tehdään yersinia-rikastusviljely,jonka mahdollinen löydös vastataan lisävastauksenan. 10 vrk kuluttua.	NA		10	10
Resultat: 6,7  2 h postpr mmol/l	NA		10	10
Tutkimuksen tulos: negatNäytelaatu:NenänielueriteMistä otettu: Nenä-nielu	NA		10	10
Lopullinen vastaus 1. LÖYDÖS: (Viljely) Negatiivinen	NA		10	10
neg, epit+	NA		10	10
A pos neg	NA		10	9
PAKETTI| TEHTYU-Suhti: 1.010U-pH: 7.0U-Leuk-O: negU-Nitr-O: negU-Alb-O: negU-Gluk-O: negU-Keto-O: negU-Eryt-O: neg	NA		10	10
- neg	NA		10	5
- (Neg.)	NA		10	10
Tutkimuksen tulos: tehtyPositiivinen tulos kahdella eri SARS-CoV-2-IgG-määrityksellä.Myös IgA-tutkimus positiivinen.***** *****, sairaalamikrobiologi, dos	NA		10	10
NEGAT g/l	NA		9	9
Ottokohta: uloste/rectumMikä muu bakteeri?: ESBL Klebsiella PNNegatiivinen	NA		9	8
NEG AU/l	NA		9	9
PAKETTI| TEHTYU-Suhti: 1.014U-pH: 6.0U-Leuk-O: negU-Nitr-O: negU-Alb-O: negU-Gluk-O: negU-Keto-O: negU-Eryt-O: neg	NA		9	9
neg*	NA		9	8
Bakteeri- ja leukosyyttilaskentaan perustuva seulontanegatiivinen, näytettäei viljellä.Virtsanäytetyyppi: PLV: alle 4 hMIKSI NÄYTE ON OTETTU?: vatsakipu	NA		9	9
Resultat: 9,9  1 h postpr mmol/l	NA		9	9
Negat. titteri	NA		9	9
Resultat: 8,4  2 h postpr mmol/l	NA		9	9
Niukka näyte, negatiivinen tulos epäluotettava.Värjäys: VÄRJÄYSTULOS NEGATNEGATIIVINEN	NA		9	8
Näytteenottotapa: KertakatetriRakkoaika: 4hBakteeri- ja leukosyyttilaskentaan perustuva seulontanegatiivinen, jatkoviljelyä ei tehdä.	NA		9	9
1. LÖYDÖS: NEGATIIVINENF -BaktVIP -tutkimuksen ulostenäyte tulee ottaa yhteeneNAT-putkeen ja yhteen geelikuljetusputkeen.	NA		9	9
Heikko positiivinen	NA		9	8
Vastaus: Pos	NA		9	7
PAKETTI| Tehty----- LO***** VASTAUS -----1. LÖYDÖS: (Viljely) NEGATIIVINEN----- LO***** VASTAUS -----	NA		9	8
Tutkimuksen tulos: tehty*****tapa: KeskisuihkuvirtsaRakkoaika: >4 hU-pH: 6.0Ominaispaino: 1.020U-Gluk-O: negatU-Keto-O: negatU-Prot-O: negatU-Hb-O: negatU-Leuk-O: negatU-Nitr-O: negat	NA		9	9
-Negat	NA		9	9
NEGAT.Vastaus perustuu bakteeri- ja leukosyyttilaskentaan.	NA		9	8
Provresultat: B RhD pos	NA		9	7
Provresultat: negat /l	NA		9	8
Resultat: 9,8  1 h postpr mmol/l	NA		9	9
Provresultat: NEGAT l	NA		9	9
posit. IU/ml	NA		9	6
posit IU/ml	NA		9	8
Provresultat: positiv Lomake	NA		9	7
A Rh pos	NA		9	8
Virtsanäytetyyppi: PLV:aamu/&gt4hMIKSI NÄYTE ON OTETTU?: raskausNEGATIIVINEN	NA		9	7
Resultat: posit Lomake	NA		9	8
Vastaus: O RhD pos Lomake	NA		9	8
Näytteenottotapa: AlkusuihkuRakkoaika: Alle 4hBakteeri- ja leukosyyttilaskentaan perustuva seulontanegatiivinen, jatkoviljelyä ei tehdä.	NA		9	9
Tutkimuksen tulos: NEG IU/ml	NA		9	5
Tutkimuksen tulos: -CandVi Negatiivinen  -AurVi Negatiivinen Ulosteelle tyypillistä sauvavaltaista suolistomikrobistoa.  F -CldiVi Negatiivinen	NA		9	9
+posit	NA		9	9
Raja-arvot:Negatiivinen &lt50Raja-arvoinen 50-120Positiivinen &gt120	NA		9	9
Näytteen laatu: PLEURANESTEMISTÄ NÄYTE ON OTETTU ?: pleuranesteVärjäys: VÄRJÄYSTULOS NEGATNEGATIIVINEN	NA		9	8
Tutkimuksen tulos: negatNäytelaatu:NenänielueriteMistä otettu: neni	NA		9	9
PAKETTI| TEHTYU-Suhti: 1.016U-pH: 5.0U-Leuk-O: negU-Nitr-O: negU-Alb-O: negU-Gluk-O: negU-Keto-O: negU-Eryt-O: neg	NA		9	9
Resultat: 6,3  2 h postpr mmol/l	NA		8	8
Resultat: Posit	NA		8	8
Neisseria gonorrhoeae negatiivinenChlamydia trachomatis negatiivinennäytteenlaatu Limakalvoanatomia Rektumottotapa Pumpulitikku	NA		8	6
U -Leuk 0 /nk 0.0-5.0-------------------U -Eryt 0 /nk 0.0-2.0-------------------U -Levyep 0 /nk-------------------U -Välim.ep 0 /nk-------------------U -Bakt Negat.-------------------Muuta Ei löydöksiä	NA		8	8
POSIT.Tutkittavalla todettiin keliakialle altistavaalleeli DQX.5, muttei keliakianriskihaplotyyppejä DQ2 tai DQ8.Käypähoito-suosituksen mukaan keliakia-diagnoosiperustuu transglutaminaasi- (tTG) jaendomysium-vasta-ainetutkimuksiin ja tarvittaessaohutsuolen koepalaan. Todetun alleelin vuoksikeliakiaan sairastumisen mahdollisuustulevaisuudessa ei ole täysin poissuljettuvaikkei tTG-vasta-aineita nyt havaittaisikaan.	NA		8	8
Negativ.	NA		8	7
Tutkimuksen tulos: U-kem-seula: ph 5.5, prot neg, gluk neg, keto neg, leuk neg, eryt neg, nitr neg	NA		8	8
Tutkimuksen tulos: Eosinofiilit: negatNeutrofiilit: +	NA		8	8
Tutkimuksen tulos: Ominaispaino: 1.015U-pH-O: 7U-Gluk-O: negU-Keto-O: negU-Eryt-O: negU-Alb-O: negU-Nitr-O: negU-Leuk-O: neg	NA		8	8
>25 (pos)	NA		8	7
Tutkittava on negatiivinen HLA-DQB1*02 jaDQB1*03:02 alleelien suhteen.Genotyyppi on erittäin harvinainen keliakia-potilailla ja sulkee diagnoosin lähes kokonaan(yli 99%) pois.	NA		8	8
POSIT.Tutkittavalla todettiin keliakialle altistava alleeli DQX.5, muttei keliakian riskihaplotyyppejä DQ2 tai DQ8. Käypähoito-suosituksen mukaan keliakia-diagnoosi perustuu transglutaminaasi- (tTG) ja endomysium-vasta-ainetutkimuksiin ja tarvittaessa ohutsuolen koepalaan. Todetun alleelin vuoksi keliakiaan sairastumisen mahdollisuus tulevaisuudessa ei ole täysin poissuljettu vaikkei tTG-vasta-aineita nyt havaittaisikaan.	NA		8	8
posit +++	NA		8	7
Neg Lopullinen vastaus	NA		8	8
RSVNhO: negat	NA		8	7
AB RhD Pos	NA		8	8
Resultat: negativt Lomake	NA		8	7
Resultat: AB RhD pos Lomake	NA		8	5
Näytteenottotapa: ks. läheteRakkoaika: Yli 4hBakteeri- ja leukosyyttilaskentaan perustuva seulontanegatiivinen, jatkoviljelyä ei tehdä.	NA		8	7
Tutkimuksen tulos: S -EMAbA Negat. titteri (Viitearvot: 0.0 - 9.9 titteri)S -EMAbG Negat. titteri (Viitearvot: 0.0 - 9.9 titteri)	NA		8	8
Negat. IU/ml	NA		8	8
Tutkimuksen tulos: F -SalmVi Negatiivinen  F -ShigVi Negatiivinen  F -YersVi Negatiivinen  F -CampVi Campylobacter jejuni	NA		8	7
Tutkimuksen tulos: leuk 0-1eryt 0-2epit 0-2bakt negat	NA		8	8
PAKETTI| TEHTYU-Suhti: <1.005U-pH: 6.0U-Leuk-O: negU-Nitr-O: negU-Alb-O: negU-Gluk-O: negU-Keto-O: negU-Eryt-O: neg	NA		8	7
NEgat	NA		8	8
Tutkimuksen tulos: POSITTuhkarokkovasta-aineita on osoitettavissa sopienimmuniteettiin.(***** *****)	NA		8	8
Tutkimuksen tulos: U-kem-seula: ph 7.0, prot neg, gluk neg, keto neg, leuk neg, veri neg, nitr neg	NA		8	8
Bakteeri- ja leukosyyttilaskentaan perustuva seulontanegatiivinen, näytettäei viljellä.Virtsanäytetyyppi: PLVMIKSI NÄYTE ON OTETTU?: alavatsakipu	NA		8	8
Tutkimuksen tulos: +(posit)	NA		8	7
-(neg) Lopullinen vastaus	NA		8	6
nit pos	NA		8	8
Resultat: 6,9  2 h postpr mmol/l	NA		8	8
Alle 2.9 Negatiivinen: <2.9 IU/ml Raja-arvo: 2.9 - 3.3 IU/ml Positiivinen: >3.3 IU/ml	NA		8	7
positiiv	NA		8	8
NEGATNäytteen laatu:nenä-nielu	NA		8	8
NEGAT Lopullinen vastaus Näytteen laatu:PUUTTUU	NA		8	8
neg/pos	NA		8	7
Lausunto 1. LÖYDÖS: (Viljely) NEGATIIVINEN	NA		8	7
Tutkimuksen tulos: NEGATIIVINEN.	NA		8	8
Tutkimuksen tulos: tehty*****tapa: KeskisuihkuvirtsaRakkoaika: >4 hU-pH: 5.0Ominaispaino: 1.016U-Gluk-O: negatU-Keto-O: negatU-Prot-O: negatU-Hb-O: negatU-Leuk-O: negatU-Nitr-O: negat	NA		8	8
Resultat: Negativ Lomake	NA		8	8
- Neg	NA		8	8
Bakteeri- ja leukosyyttilaskentaan perustuva seulontanegatiivinen, näytettäei viljellä.Virtsanäytetyyppi: KERTAKATETRIMIKSI NÄYTE ON OTETTU?: infektio?	NA		8	8
POSIT aU/ml	NA		8	8
Tutkimuksen tulos: tehtyPositiivinen tulos kahdella eri SARS-CoV-2-IgG-määrityksellä.***** *****, sairaalamikrobiologi, dos	NA		8	8
Ottotapa: AA AlusastiaBakteeri- ja leukosyyttilaskentaan perustuva seulontanegatiivinen, jatkoviljelyä ei tehdä.	NA		8	8
A neg	NA		8	8
1. LÖYDÖS: (Viljely) 2 VRK NEG   Mikäli kasvua ilmenee rikastusviljelyssä,   ilmoitamme siitä noin 6 vrk:n kuluessa.*****kohta2: vv	NA		8	6
Provresultat: pos.	NA		8	8
Vastaus: positiv	NA		8	8
Resultat: 8,6  1 h postpr mmol/l	NA		8	8
F -BaktVi1-------------------F -SalmViNegatiivinen-------------------F -ShigViNegatiivinen-------------------F -YersViNegatiivinen-------------------F -CampViNegatiivinen	NA		8	6
+pos	NA		8	8
negatiiv	NA		8	7
posit++	NA		8	5
AB Rh:+pos	NA		8	7
Pos (+++)	NA		8	6
Tehty.KYSTAT, MADOT, MM JA TOUKAT:NEGATIIVINEN Inga *****  (NEGAT)***** *****, maskar, äggen eller larver.	NA		8	7
negatNäytteenoton syy: VTI kontrollinäyte, ei oireita*****tapa: keskisuihkuRakkoaika: > 4 h	NA		8	8
Resultat: 9,2  1 h postpr mmol/l	NA		8	8
A pos	NA		8	8
Provresultat: A RhD pos Lomake	NA		8	7
Näytteenottotapa: KeskisuihkuRakkoaika: 3Bakteeri- ja leukosyyttilaskentaan perustuva seulontanegatiivinen, jatkoviljelyä ei tehdä.	NA		8	8
Tutkimuksen tulos: gluk neg keto neg suht.tiheys 1.010 veri neg ph 6.5 prot neg nitr neg leuk neg	NA		8	8
Resultat: 6,6  2 h postpr mmol/l	NA		8	8
Tehty1. LÖYDÖS: (Viljely) NEGATIIVINENNäytteen laatu:Uloste	NA		7	7
Resultat: 9,1   1 h postpr mmol/l	NA		7	7
1. LÖYDÖS: (Viljely) NEGATIIVINENVirtsanäytteen rakkoaika on alle 4 tuntia.	NA		7	6
Sieninatiivi negatiivinen.näytteenlaatu: KYNSIanatomia: VARVASottotapa: RAAPUT	NA		7	7
Tutkimuksen tulos: I:posit II:posit III:posit	NA		7	7
PAKETTI| TEHTYU-Suhti: 1.019U-pH: 5.0U-Leuk-O: negU-Nitr-O: negU-Alb-O: negU-Gluk-O: negU-Keto-O: negU-Eryt-O: neg	NA		7	7
PAKETTI| TEHTYU-Suhti: 1.016U-pH: 5.5U-Leuk-O: negU-Nitr-O: negU-Alb-O: negU-Gluk-O: negU-Keto-O: negU-Eryt-O: neg	NA		7	7
A posit	NA		7	7
Resultat: 8,4  1 h postpr mmol/l	NA		7	7
POS Lausunto	NA		7	6
NEg	NA		7	6
- negat	NA		7	7
BK-virus matala positiivinen, &lt500 DNA-kopiota/ml.Näytteen laatu: VERI	NA		7	5
Tutkimuksen tulos: Neg Lomake	NA		7	7
Tutkimuksen tulos: leuk 0-2eryt 0-1epit 0-1bakt negat	NA		7	7
Tutkimuksen tulos: Ominaispaino: 1.020U-pH-O: 5.5U-Gluk-O: negU-Keto-O: negU-Eryt-O: negU-Alb-O: negU-Nitr-O: negU-Leuk-O: neg	NA		7	7
posit.*	NA		7	6
+ (Pos)	NA		7	7
prot 1+, gluk neg	NA		7	6
Tutkimuksen tulos: gluk neg keto neg suht.tiheys 1.015 veri 1+ ph 5 prot neg nitr neg leuk neg	NA		7	7
Tutkimuksen tulos: -ChtrNhO Negat. -GcNhO Negat.	NA		7	7
Tutkimuksen tulos: TEHTY*****tapa: KeskisuihkuvirtsaRakkoaika: >4 hU-pH: 5.0Ominaispaino: 1.015U-Gluk-O: negU-Keto-O: negU-Prot-O: negU-Hb-O: negU-Leuk-O: negU-Nitr-O: neg	NA		7	7
PAKETTI| TEHTYU-Suhti: 1.012U-pH: 5.5U-Leuk-O: negU-Nitr-O: negU-Alb-O: negU-Gluk-O: negU-Keto-O: negU-Eryt-O: neg	NA		7	7
Resultat: 10,9  1 h postpr mmol/l	NA		7	6
PAKETTI| TEHTYU-Suhti: 1.015U-pH: 5.5U-Leuk-O: negU-Nitr-O: negU-Alb-O: negU-Gluk-O: negU-Keto-O: negU-Eryt-O: neg	NA		7	7
PAKETTI| TEHTYU-Suhti: 1.011U-pH: 7.0U-Leuk-O: negU-Nitr-O: negU-Alb-O: negU-Gluk-O: negU-Keto-O: negU-Eryt-O: neg	NA		7	7
ULTRAMAXTUTKIMUS VASTAANOTOLLA  negatiivinen	NA		7	7
PAKETTI| TEHTYU-Suhti: >1.030U-pH: 6.0U-Leuk-O: negU-Nitr-O: negU-Alb-O: negU-Gluk-O: negU-Keto-O: negU-Eryt-O: neg	NA		7	7
Resultat: 6,4  2 h postpr mmol/l	NA		7	7
NEGATNäytteen laatu:nenänielunäyte	NA		7	7
Tutkimuksen tulos: -SienNa Negat. -SienVi Trichophyton rubrum	NA		7	6
Tutkimuksen tulos: gluk neg keto neg suht.tiheys 1.005 veri neg ph 6.5 prot neg nitr neg leuk neg	NA		7	7
1. LÖYDÖS: (Viljely) NEGATIIVINENVirtsa rakossa yli 4 tuntia_2: EiVirtsanäytetyyppi2: PLV	NA		7	7
Resultat: 9,3  2 h postpr mmol/l	NA		7	7
pos+	NA		7	7
Näytteenottotapa: ks. läheteBakteeri- ja leukosyyttilaskentaan perustuva seulontanegatiivinen, jatkoviljelyä ei tehdä.	NA		7	6
PAKETTI| TEHTYU-Suhti: 1.018U-pH: 6.0U-Leuk-O: negU-Nitr-O: negU-Alb-O: negU-Gluk-O: negU-Keto-O: negU-Eryt-O: neg	NA		7	7
NEGAT OD	NA		7	7
Provresultat: 9,4  1 h postpr mmol/l	NA		7	7
PAKETTI| TEHTYU-Suhti: 1.022U-pH: 5.5U-Leuk-O: negU-Nitr-O: negU-Alb-O: negU-Gluk-O: negU-Keto-O: negU-Eryt-O: neg	NA		7	7
Resultat: 10,7  2 h postpr mmol/l	NA		7	7
Tutkimuksen tulos: gluk neg keto neg suht.tiheys 1.020 veri neg ph 5 prot neg nitr neg leuk 1+	NA		7	7
Nukleiinihappo-osoitukset negatiiviset.Nukleiinihaponosoitukset negatiiviset.	NA		7	7
Hepatiitti A-viruksen kokonaisvasta-aineetpositiiviset, mutta IgM-luokan vasta-aineet negatiiviset.Löydös sopii aikaisemmin sairastettuun A-hepatiittiintai potilas on rokotettu.	NA		7	7
Rino/Entero positiivinenTutkimus ei erota näitä viruksia toisistaan.Kyseessä voi olla joko Rinovirus tai Enterovirus.	NA		7	7
Tutkimuksen tulos: U-kem-seula: ph 6.5, prot neg, gluk neg, keto neg, leuk neg, veri neg, nitr neg	NA		7	6
Bakteeri- ja leukosyyttilaskentaan perustuva seulontanegatiivinen, näytettäei viljellä.Virtsanäytetyyppi: PLVMIKSI NÄYTE ON OTETTU?: vatsakipuAntimikrobilääkitys:ei	NA		7	7
PAKETTI| TEHTYU-Suhti: 1.015U-pH: 7.0U-Leuk-O: negU-Nitr-O: negU-Alb-O: negU-Gluk-O: negU-Keto-O: negU-Eryt-O: neg	NA		7	7
O pos neg	NA		7	5
1. LÖYDÖS: (Viljely) 2 VRK NEG   Mikäli kasvua ilmenee rikastusviljelyssä,   ilmoitamme siitä noin 6 vrk:n kuluessa.*****kohta2: X	NA		7	6
Tutkimuksen tulos: tehtyNegatiivinen tulos SARS-CoV-2-IgG-määrityksessä.	NA		7	7
E -ABORh: A Rh (D) pos P -VRAb-O: Negat	NA		7	7
Resultat: pos. Lomake	NA		7	5
Tutkimuksen tulos: StrepA neg.	NA		7	6
A:neg B:neg	NA		7	7
MIKSI NÄYTE ON OTETTU?: KontrolliNEGATIIVINEN	NA		7	5
Bakteeri- ja leukosyyttilaskentaan perustuva seulontanegatiivinen, näytettäei viljellä.Virtsanäytetyyppi: PLV: alle 4 hMIKSI NÄYTE ON OTETTU?: inf?	NA		7	7
Vastaus: Neg -	NA		7	6
prot. 1+ gluk. negat.	NA		7	7
Resultat: 8,2  2 h postpr mmol/l	NA		6	6
Resultat: 10,8  1 h postpr mmol/l	NA		6	6
Tutkimuksen tulos: leuk 0-1eryt 0-1epit 0-2bakt negat	NA		6	6
Resultat: Positiv	NA		6	6
Tulos negatiivinen.	NA		6	6
Tutkimuksen tulos: tehty*****tapa: KeskisuihkuvirtsaRakkoaika: >4 hU-pH: 6.0Ominaispaino: 1.015U-Gluk-O: negatU-Keto-O: negatU-Prot-O: negatU-Hb-O: negatU-Leuk-O: negatU-Nitr-O: negat	NA		6	6
Tutkimuksen tulos: negatNäytelaatu:NENÄNIELUERITEMistä otettu: nenänielu	NA		6	6
posi	NA		6	5
Tutkimuksen tulos: Ominaispaino: 1.025U-pH-O: 5.5U-Gluk-O: negU-Keto-O: negU-Eryt-O: negU-Alb-O: negU-Nitr-O: negU-Leuk-O: neg	NA		6	6
Resultat: 8,2  1 h postpr mmol/l	NA		6	5
LÖYDÖS: (Värjäys) Negatiivinen	NA		6	5
Näytteenottotapa: KeskisuihkuRakkoaika: -Bakteeri- ja leukosyyttilaskentaan perustuva seulontanegatiivinen, jatkoviljelyä ei tehdä.	NA		6	6
Ottokohta: uloste/rectumMikä muu bakteeri?: ESBL Klebs PneumNegatiivinen	NA		6	6
Näytteenottotapa: KeskisuihkuRakkoaika: 3hBakteeri- ja leukosyyttilaskentaan perustuva seulontanegatiivinen, jatkoviljelyä ei tehdä.	NA		6	6
pika, Negatiivinen	NA		6	6
Heikko posit	NA		6	6
Resultat: 7,9  1 h postpr mmol/l	NA		6	6
negat %	NA		6	6
Bakteeri- ja leukosyyttilaskentaan perustuva seulontanegatiivinen, näytettäei viljellä.Virtsanäytetyyppi: PLV: alle 4 hMIKSI NÄYTE ON OTETTU?: leikkausta varten	NA		6	6
O pos,va neg	NA		6	6
Tehty.NEGAT (C. DIFFICILE, S. AUREUS JA HIIVA)	NA		6	6
Bakteeri- ja leukosyyttilaskentaan perustuva seulontanegatiivinen, näytettä ei viljellä.	NA		6	6
PAKETTI| TEHTYU-Suhti: 1.010U-pH: 5.5U-Leuk-O: negU-Nitr-O: negU-Alb-O: negU-Gluk-O: negU-Keto-O: negU-Eryt-O: neg	NA		6	6
Näytteen laatu: BRONKOALVEOLAARIHUUHMISTÄ NÄYTE ON OTETTU ?: oik brVärjäys: VÄRJÄYSTULOS NEGATNEGATIIVINEN	NA		6	6
heikko positiivinen	NA		6	6
Resultat: Negative	NA		6	6
+Posit	NA		6	6
1. LÖYDÖS: (Viljely) 2 VRK NEG   Mikäli kasvua ilmenee rikastusviljelyssä,   ilmoitamme siitä noin 6 vrk:n kuluessa.Ottokohta2: X	NA		6	6
Resultat: 10,1  1 h postpr mmol/l	NA		6	6
Pos+	NA		6	6
Tutkimuksen tulos: gluk negativ, prot negativ	NA		6	6
Posit (heikko)	NA		6	5
PAKETTI| TEHTYU-Suhti: 1.011U-pH: 5.5U-Leuk-O: negU-Nitr-O: negU-Alb-O: negU-Gluk-O: negU-Keto-O: negU-Eryt-O: neg	NA		6	6
Resultat: 7,4  2 h postpr mmol/l	NA		6	6
Resultat: 6,9  1 h postpr mmol/l	NA		6	6
Tutkittava on positiivinen HLA-DQB1*02 ja -DQA1*05alleelien suhteen.Tämä genotyyppi löytyy noin 90%:lta keliakia-potilaista, mutta myös 20%:lta taustaväestöstä.	NA		6	6
NEGAT IU/ml	NA		6	6
neg/2vrk	NA		6	6
Resultat: 9,1  1 h postpr mmol/l	NA		6	6
Resultat: 7,8  1 h postpr mmol/l	NA		6	6
1. LÖYDÖS: (Viljely) NEGATIIVINENVirtsanäytteen rakkoaika on alle 4 tuntia.Virtsa rakossa yli 4 tuntia_2: Ei	NA		6	6
Bakteeri- ja leukosyyttilaskentaan perustuva seulontanegatiivinen, näytettäei viljellä.Virtsanäytetyyppi: PLV: alle 4 hMIKSI NÄYTE ON OTETTU?: Botox tmp	NA		6	6
PAKETTI| negatNegatiivinen tulos ei ole poissulkeva. Mikälikyseessä on vahva epäily varhaisvaiheen syfiliksestäsuositellaan seurantanäytettä 2-3 vk kuluttua jatarvittaessa S -FTAAbs -tutkimusta.	NA		6	6
Resultat: neg Titteri	NA		6	5
PAKETTI| TEHTYU-Suhti: >1.030U-pH: 5.5U-Leuk-O: negU-Nitr-O: negU-Alb-O: negU-Gluk-O: negU-Keto-O: negU-Eryt-O: neg	NA		6	6
Provresultat: Neg /l	NA		6	6
Bakteeri- ja leukosyyttilaskentaan perustuva seulontanegatiivinen, näytettäei viljellä.Virtsanäytetyyppi: PLV: alle 4 hMIKSI NÄYTE ON OTETTU?: alavatsakipu	NA		6	6
Resultat: negativt	NA		6	5
Resultat: 8,3  1 h postpr mmol/l	NA		6	6
Resultat: 11,8  1 h postpr mmol/l	NA		6	6
Resultat: Neg -	NA		6	6
Resultat: 9,5  1 h postpr mmol/l	NA		6	6
B posit	NA		6	6
NEGAT E6/L	NA		6	5
PAKETTI| TEHTYU-Suhti: 1.013U-pH: 5.5U-Leuk-O: negU-Nitr-O: negU-Alb-O: negU-Gluk-O: negU-Keto-O: negU-Eryt-O: neg	NA		6	6
MIKSI NÄYTE ON OTETTU?: kurkkukipuAntimikrobilääkitys:eiHuomautukset.: eiNEGATIIVINEN	NA		6	6
Resultat: 9,0  1 h postpr mmol/l	NA		6	6
----- LOPULLINEN VASTAUS -----1. LÖYDÖS: (Viljely) NEGATIIVINENNäytteenoton syy: VTI -epäilyOttotapa: PLVRakkoaika: &lt 4 h----- LOPULLINEN VASTAUS -----	NA		6	6
Vastaus: Negat. Lomake	NA		6	6
Tutkimuksen tulos: gluk neg keto neg suht.tiheys 1.010 veri neg ph 8 prot neg nitr neg leuk neg	NA		6	6
A:neg. B:neg	NA		6	6
Provresultat: neg /l	NA		6	6
Tutkimuksen tulos: tehty*****tapa: KeskisuihkuvirtsaRakkoaika: >4 hU-pH: 5.0Ominaispaino: 1.013U-Gluk-O: negatU-Keto-O: negatU-Prot-O: negatU-Hb-O: negatU-Leuk-O: negatU-Nitr-O: negat	NA		6	6
neg s	NA		6	5
- (NEG)	NA		6	6
Tutkimuksen tulos: StrepA negatiivinen	NA		6	6
Ps-StrViNegat.	NA		6	6
Tutkimuksen tulos: gluk neg keto neg suht.tiheys 1.020 veri 3+ ph 5 prot neg nitr neg leuk neg	NA		6	6
SARS-CoV-2-nukleiinihappo-osoitus negatiivinen.Nukleiinihaponosoitukset negatiiviset.	NA		6	6
Näytteen laatu: BRONKOALVEOLAARIHUUHMISTÄ NÄYTE ON OTETTU ?: oikea bronkusVärjäys: VÄRJÄYSTULOS NEGATNEGATIIVINEN	NA		6	5
Näytteenottotapa: AlkusuihkuRakkoaika: 4hBakteeri- ja leukosyyttilaskentaan perustuva seulontanegatiivinen, jatkoviljelyä ei tehdä.	NA		6	6
Tutkimuksen tulos: leuk 0-1eryt 1-3epit 0-1bakt negat	NA		6	6
Tutkimuksen tulos: POS Arvio	NA		6	6
Näytteen laatu: BRONKOALVEOLAARIHUUHMISTÄ NÄYTE ON OTETTU ?: Vas bronkusVärjäys: VÄRJÄYSTULOS NEGATNEGATIIVINEN	NA		6	6
O-(neg)	NA		6	6
Bakteeri- ja leukosyyttilaskentaan perustuva seulontanegatiivinen, näytettäei viljellä.Virtsanäytetyyppi: PLV: alle 4 hAntimikrobilääkitys:ei	NA		6	6
Tutkimuksen tulos: gluk neg keto neg suht.tiheys 1.015 veri 2+ ph 5 prot neg nitr neg leuk neg	NA		6	6
Resultat: 9,7  1 h postpr mmol/l	NA		6	6
Lopullinen vastaus 1. LÖYDÖS: (Viljely) Kystat,madonmuna:neg Parasitcystor och maskägg:neg.	NA		6	6
Onko penisilliiniallergiaa?  KylläNukleiinihaponosoitukset negatiiviset.	NA		6	6
Bakteeri- ja leukosyyttilaskentaan perustuva seulontanegatiivinen, näytettäei viljellä.Virtsanäytetyyppi: PLV: alle 4 hMIKSI NÄYTE ON OTETTU?: Kontrolli ennen Botox hoitoa	NA		6	6
Tutkimuksen tulos: tehtyNegatiivinen tulos SARS-CoV-2-IgG-määrityksessä. I-näytteenIgG- ja IgA-reaktiivisuus sopii epäspesifiksitestireaktioksi.***** *****, sairaalamikrobiologi, dos	NA		6	6
MIKSI NÄYTE ON OTETTU?: polviproteesileikkausNEGATIIVINEN	NA		6	6
Provresultat: NEG Titteri	NA		6	6
PAKETTI| TEHTYU-Suhti: 1.015U-pH: 6.0U-Leuk-O: negU-Nitr-O: negU-Alb-O: negU-Gluk-O: negU-Keto-O: negU-Eryt-O: 1+	NA		6	6
Tutkimuksen tulos: negatNäytelaatu:NenänielueriteMistä otettu: Nenänielu	NA		6	6
Bakteeri- ja leukosyyttilaskentaan perustuva seulontanegatiivinen, näytettäei viljellä.Virtsanäytetyyppi: PLVMIKSI NÄYTE ON OTETTU?: vti oireetMuu sairaus: -Antimikrobilääkitys:-	NA		6	6
HPV 16 - NegatiivinenHPV 18 - NegatiivinenMuut korkean riskin HPV-tyypit(31,33,35,39,45,51,52,56,58,59,66,68) -NegatiivinenOttokohta: CervixOttokohta:Cervix	NA		6	6
Resultat: 8,8  1 h postpr mmol/l	NA		6	6
Tutkimuksen tulos: + posit	NA		6	6
Posit (1+)	NA		6	5
Resultat: 10,2  1 h postpr mmol/l	NA		5	5
NEGATNäytelaatu:PUUTTUU	NA		5	5
Resultat: 6,0  2 h postpr mmol/l	NA		5	5
Negatiiviset	NA		5	5
Tutkimuksen tulos: I:posit II:negat III:negat	NA		5	5
Neg Lomake	NA		5	5
Resultat: neg g/l	NA		5	5
Tutkimuksen tulos: gluk neg keto neg suht.tiheys 1.005 veri neg ph 5 prot neg nitr neg leuk neg	NA		5	5
Resultat: svagt pos.	NA		5	5
Resultat: 9,4  2 h postpr mmol/l	NA		5	5
E-ABORh: A Rh(D)pos P-VRAb-O: Negat	NA		5	5
Nit posit	NA		5	5
Tutkimuksen tulos: AEROBIVILJELY Grampositiivista kokkisekakasvua 10e4-5 ml	NA		5	5
ARhD pos	NA		5	5
E -ABORh: O Rh (D) pos P -VRAb-O: Negat	NA		5	5
Negat. Ei vasta-aineita. Ei viitettä H. pylori-infektiosta.	NA		5	5
Tutkimuksen tulos: TEHTY*****tapa: KeskisuihkuvirtsaRakkoaika: >4 hU-pH: 5.5Ominaispaino: 1.021U-Gluk-O: negU-Keto-O: negU-Prot-O: negU-Hb-O: negU-Leuk-O: negU-Nitr-O: neg	NA		5	5
1. LÖYDÖS: (Viljely) NEGATIIVINENVirtsa rakossa yli 4 tuntia_2: Ei	NA		5	5
PAKETTI| TEHTYU-Suhti: 1.017U-pH: 5.5U-Leuk-O: negU-Nitr-O: negU-Alb-O: negU-Gluk-O: negU-Keto-O: negU-Eryt-O: neg	NA		5	5
Resultat: 8,9  1 h postpr mmol/l	NA		5	5
Resultat: 8,7  2 h postpr mmol/l	NA		5	5
Bakteeri- ja leukosyyttilaskentaan perustuva seulontanegatiivinen, näytettäei viljellä.Virtsanäytetyyppi: PLVMIKSI NÄYTE ON OTETTU?: kontrolliAntimikrobilääkitys:ei	NA		5	5
Positiivinen IgM-vasta-ainelöydös sopiituoreeseen infektioon.	NA		5	5
PAKETTI| TEHTYU-Suhti: 1.012U-pH: 5.0U-Leuk-O: negU-Nitr-O: negU-Alb-O: negU-Gluk-O: negU-Keto-O: negU-Eryt-O: neg	NA		5	5
Tutkimuksen tulos: NEGAT l	NA		5	5
PAKETTI| TEHTYU-Suhti: 1.020U-pH: 5.0U-Leuk-O: negU-Nitr-O: negU-Alb-O: negU-Gluk-O: negU-Keto-O: negU-Eryt-O: neg	NA		5	5
Scl-70-IB: negatCENP-A-IB: negatCENP-B-IB: negatRP11: negatRP155: negatFibrillar: negatNOR90: negatTh/To: negatPM-Scl100: negatPM-Scl75: negatKu 72/86: negatPDGFR: negatRO52(SSA): negat	NA		5	5
PAKETTI| TEHTYU-Suhti: 1.014U-pH: 5.0U-Leuk-O: negU-Nitr-O: negU-Alb-O: negU-Gluk-O: negU-Keto-O: negU-Eryt-O: neg	NA		5	5
NEGATNäytteen laatu:Nenä-nielunäyte	NA		5	5
nitr pos	NA		5	5
Resultat: Pos. Lomake	NA		5	5
Virtsan stiksaus:  U-Prot: negU-Gluk: neg	NA		5	5
Resultat: 8,7   1 h postpr mmol/l	NA		5	5
Tutkimuksen tulos: gluk neg keto neg suht.tiheys 1.025 veri 3+ ph 5 prot neg nitr neg leuk neg	NA		5	5
PAKETTI| TEHTYU-Suhti: 1.022U-pH: 5.0U-Leuk-O: negU-Nitr-O: negU-Alb-O: negU-Gluk-O: negU-Keto-O: negU-Eryt-O: neg	NA		5	5
Resultat: O Rh(D)pos Lomake	NA		5	5
Varm.negat	NA		5	5
PAKETTI| TEHTYU-Suhti: 1.021U-pH: 5.0U-Leuk-O: negU-Nitr-O: negU-Alb-O: negU-Gluk-O: negU-Keto-O: negU-Eryt-O: neg	NA		5	5
Tutkimuksen tulos: tehty*****tapa: KeskisuihkuvirtsaRakkoaika: >4 hU-pH: 5.5Ominaispaino: 1.012U-Gluk-O: negatU-Keto-O: negatU-Prot-O: negatU-Hb-O: negatU-Leuk-O: negatU-Nitr-O: negat	NA		5	5
POSIT.Tutkittavalla todettiin keliakiaan liittyvä riskihaplotyyppi DQ2. Käypähoito-suosituksen mukaan keliakia-diagnoosi perustuu transglutaminaasi - (tTG) ja endomysium-vasta-ainetutkimuksiin ja tarvittaessa ohutsuolen koepalaan. Todetun riskihaplotyypin vuoksi keliakiaan sairastumisen mahdollisuus tulevaisuudessa ei ole poissuljettu vaikkei tTG-vasta-aineita nyt havaittaisikaan.	NA		5	5
Tutkimuksen tulos: leuk 0-2eryt 0-2epit 0-2bakt negat	NA		5	5
Resultat: 10,3  1 h postpr mmol/l	NA		5	5
Pos +	NA		5	5
PAKETTI| TEHTYU-Suhti: 1.018U-pH: 6.5U-Leuk-O: negU-Nitr-O: negU-Alb-O: negU-Gluk-O: negU-Keto-O: negU-Eryt-O: neg	NA		5	5
Resultat: 7,5  1 h postpr mmol/l	NA		5	5
Provresultat: POSIT Titteri	NA		5	5
negatiivinne	NA		5	5
Tutkimuksen tulos: TEHTY*****tapa: KeskisuihkuvirtsaRakkoaika: >4 hU-pH: 6.0Ominaispaino: 1.015U-Gluk-O: negU-Keto-O: negU-Prot-O: negU-Hb-O: negU-Leuk-O: negU-Nitr-O: neg	NA		5	5
Tutkimuksen tulos: TEHTY*****tapa: KeskisuihkuvirtsaRakkoaika: >4 hU-pH: 6.0Ominaispaino: 1.020U-Gluk-O: negU-Keto-O: negU-Prot-O: negU-Hb-O: negU-Leuk-O: negU-Nitr-O: neg	NA		5	5
Pikanieluviljely negatiivinen	NA		5	5
Resultat: 6,9  2,5 h postpr mmol/l	NA		5	5
PAKETTI| TEHTYU-Suhti: 1.026U-pH: 5.0U-Leuk-O: negU-Nitr-O: negU-Alb-O: negU-Gluk-O: negU-Keto-O: negU-Eryt-O: neg	NA		5	5
Tutkimuksen tulos: tehty*****tapa: KeskisuihkuvirtsaRakkoaika: >4 hU-pH: 5.0Ominaispaino: 1.020U-Gluk-O: negatU-Keto-O: negatU-Prot-O: negatU-Hb-O: negatU-Leuk-O: negatU-Nitr-O: negat	NA		5	5
Resultat: A Rh(D)pos Lomake	NA		5	5
Resultat: 7,5  2 h postpr mmol/l	NA		5	5
GLU neg KET neg OMINAISPAINO 1,015 ERYT neg pH 7.0 PRO neg NIT neg LEU neg RAKKOAIKA 3h	NA		5	5
Resultat: pika NEG -	NA		5	5
PAKETTI| TEHTYU-Suhti: 1.015U-pH: 5.0U-Leuk-O: negU-Nitr-O: negU-Alb-O: negU-Gluk-O: negU-Keto-O: negU-Eryt-O: neg	NA		5	5
NEGAT gekv/ml	NA		5	5
positiv.	NA		5	5
PAKETTI| TEHTYU-Suhti: 1.018U-pH: 5.5U-Leuk-O: negU-Nitr-O: negU-Alb-O: negU-Gluk-O: negU-Keto-O: negU-Eryt-O: neg	NA		5	5
Resultat: 5,8  2,5 h postpr mmol/l	NA		5	5
Tutkimuksen tulos: gluk neg keto neg suht.tiheys 1.005 veri neg ph 8 prot neg nitr neg leuk neg	NA		5	5
Resultat: 11,7  2 h postpr mmol/l	NA		5	5
Tehty.Näytteen laatu:HILSE/RAAPENatiivissa sientä ei todettavissa. SIENIVILJELY/SVAMPODLING:NEGAT	NA		5	5
Tutkimuksen tulos: tehtyEdelleen positiivinen tulos SARS-CoV-2-IgG-määrityksessä.***** *****, sairaalamikrobiologi	NA		5	5
Näytteen laatu: VeriJCVNh: negat (kopiota/ml)BKVNh: negat (kopiota/ml)	NA		5	5
PAKETTI| TEHTYU-Suhti: 1.014U-pH: 5.5U-Leuk-O: negU-Nitr-O: negU-Alb-O: negU-Gluk-O: negU-Keto-O: negU-Eryt-O: neg	NA		5	5
LausuntoOn IgG-vasta-aineita vesirokkovirukselle.Huom! VZVAb-menetelmänmuutos astunut voimaan20.5.2019. Tulokset eivät ole vertailukelpoisiaedellisen menetelmän tulosten kanssa.Negatiivinen S-VZVAbG-tulos <50mlU/ml. HUOM: Laboratoriosiirrossa tutkimus vaihdettu tutkimuskoodiksi 4467	NA		5	5
Resultat: NEG /l	NA		5	5
Resultat: 8,8  2 h postpr mmol/l	NA		5	5
pH 6, muut negat	NA		5	5
NEGATPotilas ei ole sairastanut hepatiitti B-virus- infektiota (***** *****)	NA		5	5
Resultat: 8,9   1,5 h postpr mmol/l	NA		5	5
Resultat: 8,6  2 h postpr mmol/l	NA		5	5
Resultat: 7,2  2 h postpr mmol/l	NA		5	5
negatMistä otettu: nenänielu	NA		5	5
Tutkimuksen tulos: gluk neg keto neg suht.tiheys 1.020 veri neg ph 5 prot neg nitr pos leuk 3+	NA		5	5
Tutkimuksen tulos: gluk neg keto 1+ suht.tiheys 1.025 veri neg ph 5 prot neg nitr neg leuk neg	NA		5	5
Negatiivin	NA		5	5
heikko pos.	NA		5	5
A POSIT.	NA		5	5
Tutkimuksen tulos: U -Leuk 0 nk (Viitearvot: 0.0 - 5.0 nk)U -Eryt 1 nk (Viitearvot: 0.0 - 2.0 nk)U -Levyep 0 nkU -Välim.ep 0 nkU -Bakt Negat.Muuta Ei löydöksiä	NA		5	5
Resultat: 7,7  2 h postpr mmol/l	NA		5	5
Tehty1. LÖYDÖS: (Viljely) EI SIENIKASVUA1. LÖYDÖS: (Natiivi) NEGATIIVINEN	NA		5	5
Resultat: 10,6  2 h postpr mmol/l	NA		5	5
prot. h+, gluk. negat.	NA		5	5
PAKETTI| TEHTYU-Suhti: 1.017U-pH: 6.0U-Leuk-O: negU-Nitr-O: negU-Alb-O: negU-Gluk-O: negU-Keto-O: negU-Eryt-O: neg	NA		5	5
Posit*S-HBsAb positiivinen.Tulos voi liittyä aikaisemmin sairastettuuninfektioon tai potilas on rokotettu.	NA		5	5
PAKETTI| TEHTYU-Suhti: 1.018U-pH: 5.0U-Leuk-O: negU-Nitr-O: negU-Alb-O: negU-Gluk-O: negU-Keto-O: negU-Eryt-O: neg	NA		5	5
Bakteeri- ja leukosyyttilaskentaan perustuva seulontanegatiivinen, näytettäei viljellä.Virtsanäytetyyppi: PLVAntimikrobilääkitys:Ei	NA		5	5
Tulos sopii käynnissä olevaan tai aiemmin sairastettuuninfektioon.Negatiivinen: &lt0,80 IndeksiRaja-arvo   : 0,80-&lt0,90 IndeksiPositiivinen: &gt=0,90 Indeksi	NA		5	5
NEGATNäytteen laatu:nenänieluerite	NA		5	5
PAKETTI| TEHTYU-Suhti: 1.024U-pH: 5.5U-Leuk-O: negU-Nitr-O: negU-Alb-O: negU-Gluk-O: negU-Keto-O: negU-Eryt-O: neg	NA		5	5
PAKETTI| TEHTYU-Suhti: 1.008U-pH: 7.0U-Leuk-O: negU-Nitr-O: negU-Alb-O: negU-Gluk-O: negU-Keto-O: negU-Eryt-O: neg	NA		5	5
Tutkimuksen tulos: -CandVi Negatiivinen  -AurVi Negatiivinen Ulosteelle tyypillistä suolistomikrobistoa.  F -CldiVi Negatiivinen	NA		5	5
Resultat: 9,6  1 h postpr mmol/l	NA		5	5
1. LÖYDÖS: (Viljely) NEGATIIVINENVirtsanäytteen rakkoaika on alle 4 tuntia.Virtsa rakossa yli 4 tuntia_2: EiVirtsanäytetyyppi2: PLV	NA		5	5
POSIT Lopullinen vastaus Lääkärillä on ilmoitusvelvollisuus taudista.	NA		5	5
Bakteeri- ja leukosyyttilaskentaan perustuva seulontanegatiivinen, näytettäei viljellä.Virtsanäytetyyppi: KERTAKATETRIMIKSI NÄYTE ON OTETTU?: inf?	NA		5	5
Lopul.neg	NA		5	5
Tutkimuksen tulos: negat pmy/ml	NA		5	5
AB, Rh(D) Pos	NA		5	5
Tutkimuksen tulos: Uricult: negatiivinen	NA		5	5
POSIT.Tutkittavalla todettiin keliakiaan liittyvä riskihaplotyyppi DQ8 ja keliakialle altistava haplotyyppi DQX.5. Käypähoito-suosituksen mukaan keliakia-diagnoosi perustuu transglutaminaasi- (tTG) ja endomysium-vasta-ainetutkimuksiin ja tarvittaessa ohutsuolen koepalaan. Todetun riskihaplotyypin vuoksi keliakiaan sairastumisen mahdollisuus tulevaisuudessa ei ole poissuljettu vaikkei tTG-vasta-aineita nyt havaittaisikaan.	NA		5	5
Tutkimuksen tulos: tehty*****tapa: KeskisuihkuvirtsaRakkoaika: >4 hU-pH: 5.0Ominaispaino: 1.015U-Gluk-O: negatU-Keto-O: negatU-Prot-O: negatU-Hb-O: negatU-Leuk-O: negatU-Nitr-O: negat	NA		5	5
Tehty1.   NEGATIIVINEN	NA		5	5
Tutkimuksen tulos: Ominaispaino: 1.005U-pH-O: 6U-Gluk-O: negU-Keto-O: negU-Eryt-O: negU-Alb-O: negU-Nitr-O: negU-Leuk-O: neg	NA		5	5
Resultat: 11,4  1 h postpr mmol/l	NA		5	5
Tutkimuksen tulos: pos Lomake	NA		5	5
Tutkimuksen tulos: tehtyPositiivinen tulos kahdella eri menetelmälläSARS-CoV-2-IgG-määrityksessä.***** *****, el	NA		5	5
PAKETTI| TEHTYU-Suhti: 1.019U-pH: 5.5U-Leuk-O: negU-Nitr-O: negU-Alb-O: negU-Gluk-O: negU-Keto-O: negU-Eryt-O: neg	NA		5	5
I:Negat II:Negat III:Negat	NA		5	5
Lausunto1.   NEGATIIVINEN	NA		5	5
Resultat: 7,2  1 h postpr mmol/l	NA		5	5
Bakteeri- ja leukosyyttilaskentaan perustuva seulontanegatiivinen, näytettäei viljellä.Virtsanäytetyyppi: KESTOKATETRI	NA		5	5
Resultat: 7,7  1 h postpr mmol/l	NA		5	5
A RhD Neg	NA		5	5
TEHTY U-Omp: 1.025U-pH-O: 5.5U-Gluk-O: negU-Keto-O: negU-Eryt-O: negU-Alb-O: negU-Nitr-O: negU-Leuk-O: neg	NA		5	5
Resultat: 6,9  1,5 h postpr mmol/l	NA		5	5
Vastaus: svagt pos	NA		5	5
-SienNa Negat.--------------------SienVi--------------------SienViEi kasvua	NA		5	5
Tutkimuksen tulos: Ominaispaino: 1.015U-pH-O: 7.5U-Gluk-O: negU-Keto-O: negU-Eryt-O: negU-Alb-O: negU-Nitr-O: negU-Leuk-O: neg	NA		5	5